,n_genes_by_counts,log1p_n_genes_by_counts,total_counts,log1p_total_counts,pct_counts_in_top_50_genes,pct_counts_in_top_100_genes,pct_counts_in_top_200_genes,pct_counts_in_top_500_genes,total_counts_mito,log1p_total_counts_mito,pct_counts_mito,n_guides,called,n_fragment,frac_dup,frac_mito,tsse,guide_target,annot,batch,mixscape_class,mixscape_class_global,mixscape_class_p_ko,original_obs_name,condition_global,condition,target_label,target_label_safe,method_name,run_name,split,dataset_source,feature_space
AAAGGACGTAATCGTG-1,1772,7.480428306074208,3356.0,8.118803,29.827175208581647,36.38259833134684,45.44100119189511,62.09773539928486,702.0,6.555357,20.917759,1.0,True,17881,0.22680100319986163,0.0,13.528505392912171,NTC,T cell,ENCSR923FKN,NTC,NTC,0.0,AAAGGACGTAATCGTG-1,control,control,SMARCA4 KO,SMARCA4_KO,rna_only_pca,rna_only_pca__eps0p001__taua1__taub1,test,moscot_barycentric_source_to_target,rna_only_pca
AACTCACAGGGTGGAT-1,2863,7.959974528080536,6260.0,8.742095,24.58466453674121,30.303514376996805,38.14696485623003,53.75399361022364,919.0,6.8243737,14.6805105,1.0,True,23030,0.21977165701121393,0.0,16.161616161616163,NTC,T cell,ENCSR923FKN,NTC,NTC,0.0,AACTCACAGGGTGGAT-1,control,control,SMARCA4 KO,SMARCA4_KO,rna_only_pca,rna_only_pca__eps0p001__taua1__taub1,test,moscot_barycentric_source_to_target,rna_only_pca
AACTGTTCAGGAACAT-1,2283,7.7336835707759,5003.0,8.517993,29.1625024985009,35.5986408155107,43.87367579452329,58.944633220067956,923.0,6.828712,18.44893,1.0,True,21288,0.22371731758013347,0.0,14.664502164502165,NTC,T cell,ENCSR923FKN,NTC,NTC,0.0,AACTGTTCAGGAACAT-1,control,control,SMARCA4 KO,SMARCA4_KO,rna_only_pca,rna_only_pca__eps0p001__taua1__taub1,test,moscot_barycentric_source_to_target,rna_only_pca
AAGAACAGTCAACAAT-1,2942,7.987184748233473,6333.0,8.753687,24.696036633507028,30.03315963998105,37.628296226117165,52.53434391283752,1032.0,6.9402223,16.295593,1.0,True,29535,0.22901221676934325,0.0,10.57700290577003,NTC,T cell,ENCSR923FKN,NTC,NTC,0.0,AAGAACAGTCAACAAT-1,control,control,SMARCA4 KO,SMARCA4_KO,rna_only_pca,rna_only_pca__eps0p001__taua1__taub1,test,moscot_barycentric_source_to_target,rna_only_pca
AAGAATCAGTTGGGCC-1,3413,8.135639903354386,8383.0,9.0340805,23.750447333890015,29.046880591673624,36.68137898127162,51.330072766312774,859.0,6.7569323,10.246928,1.0,True,33815,0.22814425930152937,0.0,13.103009074988059,NTC,T cell,ENCSR923FKN,NTC,NTC,0.0,AAGAATCAGTTGGGCC-1,control,control,SMARCA4 KO,SMARCA4_KO,rna_only_pca,rna_only_pca__eps0p001__taua1__taub1,test,moscot_barycentric_source_to_target,rna_only_pca
AAGCCTTAGTTTCCTG-1,1895,7.547501682814967,3168.0,8.061172,24.90530303030303,30.176767676767675,38.25757575757576,55.96590909090909,377.0,5.934894,11.900253,1.0,True,7899,0.21938926771420098,0.0,19.65034965034965,NTC,T cell,ENCSR923FKN,NTC,NTC,0.0,AAGCCTTAGTTTCCTG-1,control,control,SMARCA4 KO,SMARCA4_KO,rna_only_pca,rna_only_pca__eps0p001__taua1__taub1,test,moscot_barycentric_source_to_target,rna_only_pca
AAGCTAGAGTCACTCC-1,2954,7.991253929840198,7664.0,8.94442,32.489561586638835,37.96972860125261,45.28966597077244,59.09446764091858,1313.0,7.1808314,17.132046,1.0,True,20796,0.20122911465335125,0.0,10.48731832430892,NTC,T cell,ENCSR923FKN,NTC,NTC,0.0,AAGCTAGAGTCACTCC-1,control,control,SMARCA4 KO,SMARCA4_KO,rna_only_pca,rna_only_pca__eps0p001__taua1__taub1,test,moscot_barycentric_source_to_target,rna_only_pca
AATCATGTCCTTGTTG-1,2436,7.798523053625206,4781.0,8.472614,22.359339050407865,28.717841455762393,37.31436937879104,52.896883497176326,540.0,6.2934194,11.294708,1.0,True,15096,0.23688201395207764,0.0,15.517241379310343,NTC,T cell,ENCSR923FKN,NTC,NTC,0.0,AATCATGTCCTTGTTG-1,control,control,SMARCA4 KO,SMARCA4_KO,rna_only_pca,rna_only_pca__eps0p001__taua1__taub1,test,moscot_barycentric_source_to_target,rna_only_pca
AATGGCGCACAGAACG-1,1996,7.599401333415815,4192.0,8.341172,28.458969465648853,34.899809160305345,44.22709923664122,60.710877862595424,735.0,6.60123,17.533398,1.0,True,16088,0.23280877443967574,0.0,14.677827525793266,NTC,T cell,ENCSR923FKN,NTC,NTC,0.0,AATGGCGCACAGAACG-1,control,control,SMARCA4 KO,SMARCA4_KO,rna_only_pca,rna_only_pca__eps0p001__taua1__taub1,test,moscot_barycentric_source_to_target,rna_only_pca
AATTAGGCAACAACAA-1,2139,7.668561108015897,3842.0,8.254008,22.748568453930247,28.682977615825088,37.402394586153044,54.3206663196252,553.0,6.317165,14.393546,1.0,True,6097,0.22360881191901183,0.0,17.03239289446186,NTC,T cell,ENCSR923FKN,NTC,NTC,0.0,AATTAGGCAACAACAA-1,control,control,SMARCA4 KO,SMARCA4_KO,rna_only_pca,rna_only_pca__eps0p001__taua1__taub1,test,moscot_barycentric_source_to_target,rna_only_pca
AATTGCCAGCATGCAT-1,3318,8.107418811719974,7979.0,8.984694,23.423987968417094,29.11392405063291,36.67126206291515,51.30968793081839,860.0,6.7580943,10.778293,1.0,True,17744,0.2243399195663578,0.0,13.767416195337288,NTC,T cell,ENCSR923FKN,NTC,NTC,0.0,AATTGCCAGCATGCAT-1,control,control,SMARCA4 KO,SMARCA4_KO,rna_only_pca,rna_only_pca__eps0p001__taua1__taub1,test,moscot_barycentric_source_to_target,rna_only_pca
ACAACAACAGGCCAAA-1,3263,8.090708716083997,7751.0,8.955707,23.80338020900529,29.209134305250934,36.88556315314153,51.83847245516707,1077.0,6.982863,13.894981,1.0,True,24449,0.2272267526392313,0.0,13.705684293919587,NTC,T cell,ENCSR923FKN,NTC,NTC,0.0,ACAACAACAGGCCAAA-1,control,control,SMARCA4 KO,SMARCA4_KO,rna_only_pca,rna_only_pca__eps0p001__taua1__taub1,test,moscot_barycentric_source_to_target,rna_only_pca
ACAACACTCTATGACA-1,3117,8.044947049617722,6846.0,8.831566,20.347648261758692,26.482617586912067,34.72100496640374,50.08764241893077,642.0,6.4661446,9.377739,1.0,True,23299,0.22671755725190834,0.0,17.39130434782609,NTC,T cell,ENCSR923FKN,NTC,NTC,0.0,ACAACACTCTATGACA-1,control,control,SMARCA4 KO,SMARCA4_KO,rna_only_pca,rna_only_pca__eps0p001__taua1__taub1,test,moscot_barycentric_source_to_target,rna_only_pca
ACAACAGAGAACCTGT-1,2868,7.9617188159813645,6266.0,8.743053,25.74210022342802,31.02457708266837,38.50941589530802,53.65464411107565,999.0,6.9077554,15.943186,1.0,True,22497,0.22757081545064373,0.0,16.548295454545453,NTC,T cell,ENCSR923FKN,NTC,NTC,0.0,ACAACAGAGAACCTGT-1,control,control,SMARCA4 KO,SMARCA4_KO,rna_only_pca,rna_only_pca__eps0p001__taua1__taub1,test,moscot_barycentric_source_to_target,rna_only_pca
ACACTTAAGCGAGCGA-1,2484,7.8180279385307285,5474.0,8.607947,29.959810010960908,35.933503836317136,43.73401534526854,58.01972963098283,959.0,6.8669333,17.519182,1.0,True,16389,0.21542438604049974,0.0,13.667285095856524,NTC,T cell,ENCSR923FKN,NTC,NTC,0.0,ACACTTAAGCGAGCGA-1,control,control,SMARCA4 KO,SMARCA4_KO,rna_only_pca,rna_only_pca__eps0p001__taua1__taub1,test,moscot_barycentric_source_to_target,rna_only_pca
ACAGCCGGTTTGAGGC-1,2545,7.842278779117351,5229.0,8.562166,27.309236947791167,32.77873398355326,40.48575253394531,54.80971505067891,902.0,6.8057227,17.249952,1.0,True,25867,0.22068570739937332,0.0,14.329094704877587,NTC,T cell,ENCSR923FKN,NTC,NTC,0.0,ACAGCCGGTTTGAGGC-1,control,control,SMARCA4 KO,SMARCA4_KO,rna_only_pca,rna_only_pca__eps0p001__taua1__taub1,test,moscot_barycentric_source_to_target,rna_only_pca
ACATCATCAGCCTGCA-1,3617,8.19367666595524,10654.0,9.273785,28.684062324009762,34.65365121081284,42.39722170076966,56.23240097615919,1350.0,7.2086005,12.671298,1.0,True,21361,0.22176479160594575,0.0,13.307776560788607,NTC,T cell,ENCSR923FKN,NTC,NTC,0.0,ACATCATCAGCCTGCA-1,control,control,SMARCA4 KO,SMARCA4_KO,rna_only_pca,rna_only_pca__eps0p001__taua1__taub1,test,moscot_barycentric_source_to_target,rna_only_pca
ACCAAACTCCCGTTTA-1,2751,7.920083199053234,6839.0,8.830543,29.72656821172686,35.75084076619389,44.31934493346981,59.2191840912414,1114.0,7.0166097,16.28893,1.0,True,14995,0.22245268343271973,0.0,12.844036697247706,NTC,T cell,ENCSR923FKN,NTC,NTC,0.0,ACCAAACTCCCGTTTA-1,control,control,SMARCA4 KO,SMARCA4_KO,rna_only_pca,rna_only_pca__eps0p001__taua1__taub1,test,moscot_barycentric_source_to_target,rna_only_pca
ACCTTCCAGAGCCGCT-1,3908,8.271036865792954,11217.0,9.325274,30.132834091111704,35.392707497548365,42.2572880449318,55.17518052955336,1861.0,7.5294065,16.590889,1.0,True,20005,0.19490502253702513,0.0,11.31866611318666,NTC,T cell,ENCSR923FKN,NTC,NTC,0.0,ACCTTCCAGAGCCGCT-1,control,control,SMARCA4 KO,SMARCA4_KO,rna_only_pca,rna_only_pca__eps0p001__taua1__taub1,test,moscot_barycentric_source_to_target,rna_only_pca
ACGAAGTCATTAGCGC-1,3315,8.106514516255185,9186.0,9.125545,25.22316568691487,30.992815153494448,39.233616372741125,54.97496189854127,1223.0,7.1098795,13.313739,1.0,True,17633,0.21365501248662144,0.0,13.26694506906521,NTC,T cell,ENCSR923FKN,NTC,NTC,0.0,ACGAAGTCATTAGCGC-1,control,control,SMARCA4 KO,SMARCA4_KO,rna_only_pca,rna_only_pca__eps0p001__taua1__taub1,test,moscot_barycentric_source_to_target,rna_only_pca
ACGCACGGTAGCTGGT-1,3372,8.12355783506165,8524.0,9.050758,26.243547630220554,31.980290943219146,39.46503988737682,53.12060065696856,1289.0,7.1623974,15.122008,1.0,True,1248,0.21012658227848102,0.0,9.812409812409813,NTC,T cell,ENCSR923FKN,NTC,NTC,0.0,ACGCACGGTAGCTGGT-1,control,control,SMARCA4 KO,SMARCA4_KO,rna_only_pca,rna_only_pca__eps0p001__taua1__taub1,test,moscot_barycentric_source_to_target,rna_only_pca
ACGCCACAGCGATAAG-1,860,6.7580945044277305,1738.0,7.4610653,34.407364787111625,45.742232451093216,59.148446490218646,79.28653624856156,137.0,4.9272537,7.882623,1.0,True,14612,0.2236331757079858,0.0,16.536282708389532,NTC,T cell,ENCSR923FKN,NTC,NTC,0.0,ACGCCACAGCGATAAG-1,control,control,SMARCA4 KO,SMARCA4_KO,rna_only_pca,rna_only_pca__eps0p001__taua1__taub1,test,moscot_barycentric_source_to_target,rna_only_pca
ACGTCCAAGAACCTGT-1,2175,7.685243607975833,4296.0,8.365672,25.79143389199255,32.21601489757914,40.828677839851025,56.54096834264431,654.0,6.4846354,15.223464,1.0,True,22207,0.2272869619680573,0.0,17.20589795268909,NTC,T cell,ENCSR923FKN,NTC,NTC,0.0,ACGTCCAAGAACCTGT-1,control,control,SMARCA4 KO,SMARCA4_KO,rna_only_pca,rna_only_pca__eps0p001__taua1__taub1,test,moscot_barycentric_source_to_target,rna_only_pca
ACGTTGTAGTAACCAC-1,2715,7.906915488678586,5685.0,8.645762,26.543535620052772,31.926121372031663,39.59542656112577,53.96657871591909,882.0,6.783325,15.514512,1.0,True,16826,0.21968186244956633,0.0,14.420062695924765,NTC,T cell,ENCSR923FKN,NTC,NTC,0.0,ACGTTGTAGTAACCAC-1,control,control,SMARCA4 KO,SMARCA4_KO,rna_only_pca,rna_only_pca__eps0p001__taua1__taub1,test,moscot_barycentric_source_to_target,rna_only_pca
ACTATGTCACAGGATG-1,3668,8.207674424355282,9451.0,9.153981,24.537086022643106,29.86985504179452,37.20241244312771,51.655909427573796,1332.0,7.1951876,14.093746,1.0,True,34674,0.23497484776277466,0.0,15.94215677629839,NTC,T cell,ENCSR923FKN,NTC,NTC,0.0,ACTATGTCACAGGATG-1,control,control,SMARCA4 KO,SMARCA4_KO,rna_only_pca,rna_only_pca__eps0p001__taua1__taub1,test,moscot_barycentric_source_to_target,rna_only_pca
ACTATGTCATAAGCAA-1,2171,7.683403681053826,5154.0,8.547723,31.31548311990687,37.97050834303454,46.87621265036865,62.456344586728754,895.0,6.7979403,17.365152,1.0,True,17558,0.22617893345085938,0.0,15.379482902418681,NTC,T cell,ENCSR923FKN,NTC,NTC,0.0,ACTATGTCATAAGCAA-1,control,control,SMARCA4 KO,SMARCA4_KO,rna_only_pca,rna_only_pca__eps0p001__taua1__taub1,test,moscot_barycentric_source_to_target,rna_only_pca
ACTTACAAGCTCAAAC-1,3477,8.154212694914229,9556.0,9.16503,25.701130179991626,32.06362494767685,40.257429886981996,55.06488070322311,1150.0,7.0483866,12.034324,1.0,True,15361,0.225443727309399,0.0,11.666666666666668,NTC,T cell,ENCSR923FKN,NTC,NTC,0.0,ACTTACAAGCTCAAAC-1,control,control,SMARCA4 KO,SMARCA4_KO,rna_only_pca,rna_only_pca__eps0p001__taua1__taub1,test,moscot_barycentric_source_to_target,rna_only_pca
ACTTGCACAGAAATTG-1,3441,8.143807976771484,8073.0,8.996405,22.073578595317723,27.48668400842314,35.017961104917624,49.63458441719311,981.0,6.889591,12.151617,1.0,True,24626,0.2234730236811402,0.0,12.01024327784891,NTC,T cell,ENCSR923FKN,NTC,NTC,0.0,ACTTGCACAGAAATTG-1,control,control,SMARCA4 KO,SMARCA4_KO,rna_only_pca,rna_only_pca__eps0p001__taua1__taub1,test,moscot_barycentric_source_to_target,rna_only_pca
ACTTGTCGTCATCAAG-1,2413,7.789040401657476,5042.0,8.525757,24.117413724712417,29.948433161443873,38.516461721539066,54.6211820706069,655.0,6.4861608,12.990877,1.0,True,17774,0.2184848085125094,0.0,13.92150285139215,NTC,T cell,ENCSR923FKN,NTC,NTC,0.0,ACTTGTCGTCATCAAG-1,control,control,SMARCA4 KO,SMARCA4_KO,rna_only_pca,rna_only_pca__eps0p001__taua1__taub1,test,moscot_barycentric_source_to_target,rna_only_pca
AGAGAAGCACAAAGGT-1,1017,6.925595197110468,1895.0,7.5475016,35.989445910290236,44.27440633245382,54.82849604221636,72.71767810026385,398.0,5.988961,21.002638,1.0,True,11514,0.21785204809455883,0.0,14.678222386133134,NTC,T cell,ENCSR923FKN,NTC,NTC,0.0,AGAGAAGCACAAAGGT-1,control,control,SMARCA4 KO,SMARCA4_KO,rna_only_pca,rna_only_pca__eps0p001__taua1__taub1,test,moscot_barycentric_source_to_target,rna_only_pca
AGAGATTAGTAACCAC-1,1875,7.53689712956617,3409.0,8.134467,23.848635963625696,30.566148430624818,39.92373129950132,58.31622176591375,461.0,6.135565,13.523027,1.0,True,6451,0.2237997834195644,0.0,17.294900221729492,NTC,T cell,ENCSR923FKN,NTC,NTC,0.0,AGAGATTAGTAACCAC-1,control,control,SMARCA4 KO,SMARCA4_KO,rna_only_pca,rna_only_pca__eps0p001__taua1__taub1,test,moscot_barycentric_source_to_target,rna_only_pca
AGATGCTTCTCCTCTT-1,2565,7.850103545175582,5161.0,8.549079,20.05425305173416,26.719627979073824,35.57450106568494,52.431699283084676,466.0,6.1463294,9.029258,1.0,True,17835,0.21851722022609765,0.0,11.780139052866325,NTC,T cell,ENCSR923FKN,NTC,NTC,0.0,AGATGCTTCTCCTCTT-1,control,control,SMARCA4 KO,SMARCA4_KO,rna_only_pca,rna_only_pca__eps0p001__taua1__taub1,test,moscot_barycentric_source_to_target,rna_only_pca
AGCAAATAGTTTGAGC-1,2565,7.850103545175582,5835.0,8.671801,26.803770351328193,33.83033419023136,42.63924592973436,57.97772065124251,808.0,6.695799,13.847472,1.0,True,19389,0.21922441911971968,0.0,15.646371976647204,NTC,T cell,ENCSR923FKN,NTC,NTC,0.0,AGCAAATAGTTTGAGC-1,control,control,SMARCA4 KO,SMARCA4_KO,rna_only_pca,rna_only_pca__eps0p001__taua1__taub1,test,moscot_barycentric_source_to_target,rna_only_pca
AGCCTAAGTCAACAAT-1,3362,8.12058871174027,7970.0,8.983565,20.012547051442912,26.04767879548306,34.027603513174405,49.52321204516939,615.0,6.423247,7.716437,1.0,True,33751,0.22320421643766253,0.0,13.648593558907463,NTC,T cell,ENCSR923FKN,NTC,NTC,0.0,AGCCTAAGTCAACAAT-1,control,control,SMARCA4 KO,SMARCA4_KO,rna_only_pca,rna_only_pca__eps0p001__taua1__taub1,test,moscot_barycentric_source_to_target,rna_only_pca
AGCGCCTAGTTATTCC-1,3840,8.253488028345904,11554.0,9.354874,30.162714211528474,35.39034100744331,42.63458542496105,55.92868270728752,1852.0,7.5245614,16.029081,1.0,True,32927,0.22894810790558262,0.0,10.327272727272726,NTC,T cell,ENCSR923FKN,NTC,NTC,0.0,AGCGCCTAGTTATTCC-1,control,control,SMARCA4 KO,SMARCA4_KO,rna_only_pca,rna_only_pca__eps0p001__taua1__taub1,test,moscot_barycentric_source_to_target,rna_only_pca
AGCTTTAAGTCACTAA-1,2017,7.609862200913554,3799.0,8.242756,24.953935246117396,31.560937088707554,40.379047117662545,58.041589892076864,560.0,6.329721,14.740722,1.0,True,18473,0.22117289936337958,0.0,14.794094794094793,NTC,T cell,ENCSR923FKN,NTC,NTC,0.0,AGCTTTAAGTCACTAA-1,control,control,SMARCA4 KO,SMARCA4_KO,rna_only_pca,rna_only_pca__eps0p001__taua1__taub1,test,moscot_barycentric_source_to_target,rna_only_pca
AGGATCCGTCCTCCAA-1,3911,8.271804031154709,12669.0,9.446992,30.041834398926515,36.43539348014839,44.27342331675744,57.77883021548662,1632.0,7.3981743,12.881838,1.0,True,18181,0.2161672774304807,0.0,13.92150285139215,NTC,T cell,ENCSR923FKN,NTC,NTC,0.0,AGGATCCGTCCTCCAA-1,control,control,SMARCA4 KO,SMARCA4_KO,rna_only_pca,rna_only_pca__eps0p001__taua1__taub1,test,moscot_barycentric_source_to_target,rna_only_pca
AGGTTACTCCTAACGG-1,3072,8.030409562130485,6591.0,8.7936125,21.63556364739797,27.309968138370504,35.0022758306782,50.09861932938856,774.0,6.652863,11.743286,1.0,True,2629,0.21334530221424297,0.0,20.53872053872054,NTC,T cell,ENCSR923FKN,NTC,NTC,0.0,AGGTTACTCCTAACGG-1,control,control,SMARCA4 KO,SMARCA4_KO,rna_only_pca,rna_only_pca__eps0p001__taua1__taub1,test,moscot_barycentric_source_to_target,rna_only_pca
AGGTTAGAGTCATTTC-1,1952,7.577121930876679,3830.0,8.250881,26.71018276762402,33.26370757180157,41.95822454308094,59.347258485639685,657.0,6.489205,17.154047,1.0,True,17167,0.2107126436781609,0.0,11.686037255214138,NTC,T cell,ENCSR923FKN,NTC,NTC,0.0,AGGTTAGAGTCATTTC-1,control,control,SMARCA4 KO,SMARCA4_KO,rna_only_pca,rna_only_pca__eps0p001__taua1__taub1,test,moscot_barycentric_source_to_target,rna_only_pca
AGGTTGCGTTTGAGCA-1,4170,8.335911094196945,13302.0,9.495745,27.582318448353632,33.55134566230642,41.10660051120132,54.6835062396632,2058.0,7.629976,15.471357,1.0,True,42862,0.21855970829535099,0.0,13.506882922175276,NTC,T cell,ENCSR923FKN,NTC,NTC,0.0,AGGTTGCGTTTGAGCA-1,control,control,SMARCA4 KO,SMARCA4_KO,rna_only_pca,rna_only_pca__eps0p001__taua1__taub1,test,moscot_barycentric_source_to_target,rna_only_pca
AGTAGCTTCATAAGCC-1,1695,7.4360278163518485,3160.0,8.058643,24.968354430379748,32.721518987341774,42.81645569620253,62.18354430379747,362.0,5.894403,11.455696,1.0,True,10494,0.22513475596248989,0.0,18.82732651963421,NTC,T cell,ENCSR923FKN,NTC,NTC,0.0,AGTAGCTTCATAAGCC-1,control,control,SMARCA4 KO,SMARCA4_KO,rna_only_pca,rna_only_pca__eps0p001__taua1__taub1,test,moscot_barycentric_source_to_target,rna_only_pca
AGTCTTGCATTTGCTC-1,2065,7.633369649679584,3834.0,8.2519245,21.935315597287428,28.71674491392801,37.97600417318727,55.425143453312465,402.0,5.9989367,10.485133,1.0,True,13062,0.2256343372065449,0.0,15.874278893972548,NTC,T cell,ENCSR923FKN,NTC,NTC,0.0,AGTCTTGCATTTGCTC-1,control,control,SMARCA4 KO,SMARCA4_KO,rna_only_pca,rna_only_pca__eps0p001__taua1__taub1,test,moscot_barycentric_source_to_target,rna_only_pca
AGTGAACCATAAGTTC-1,2337,7.757051142032013,4474.0,8.406261,24.29593205185516,30.062583817612875,38.220831470719716,54.000894054537326,612.0,6.418365,13.679035,1.0,True,16045,0.2226636306380505,0.0,14.084983917386152,NTC,T cell,ENCSR923FKN,NTC,NTC,0.0,AGTGAACCATAAGTTC-1,control,control,SMARCA4 KO,SMARCA4_KO,rna_only_pca,rna_only_pca__eps0p001__taua1__taub1,test,moscot_barycentric_source_to_target,rna_only_pca
AGTGATGAGATTGAGG-1,2785,7.932362154339751,6476.0,8.776012,28.705991352686844,34.419394688079066,42.340951204447194,57.041383570105,1115.0,7.017506,17.217419,1.0,True,26718,0.22965141423752267,0.0,15.584415584415584,NTC,T cell,ENCSR923FKN,NTC,NTC,0.0,AGTGATGAGATTGAGG-1,control,control,SMARCA4 KO,SMARCA4_KO,rna_only_pca,rna_only_pca__eps0p001__taua1__taub1,test,moscot_barycentric_source_to_target,rna_only_pca
AGTGCACGTAGCCTAA-1,2152,7.674617497364363,3664.0,8.206584,22.13427947598253,27.538209606986904,35.7259825327511,52.12882096069868,492.0,6.200509,13.427947,1.0,True,11224,0.22667769050571862,0.0,14.807872539831301,NTC,T cell,ENCSR923FKN,NTC,NTC,0.0,AGTGCACGTAGCCTAA-1,control,control,SMARCA4 KO,SMARCA4_KO,rna_only_pca,rna_only_pca__eps0p001__taua1__taub1,test,moscot_barycentric_source_to_target,rna_only_pca
AGTTGGCGTCATTGTC-1,3598,8.188411308079031,8609.0,9.060679,25.124869322801718,30.37518875595307,37.55372284818213,50.9002206992682,1383.0,7.2327332,16.064585,1.0,True,45404,0.2271791118449048,0.0,12.814535891458968,NTC,T cell,ENCSR923FKN,NTC,NTC,0.0,AGTTGGCGTCATTGTC-1,control,control,SMARCA4 KO,SMARCA4_KO,rna_only_pca,rna_only_pca__eps0p001__taua1__taub1,test,moscot_barycentric_source_to_target,rna_only_pca
ATATGGTGTAGTAAGA-1,2363,7.768110378525988,6170.0,8.727616,37.87682333873582,43.776337115072934,51.3776337115073,64.55429497568882,1532.0,7.334982,24.82982,1.0,True,17569,0.20394200271862262,0.0,11.92198804655552,NTC,T cell,ENCSR923FKN,NTC,NTC,0.0,ATATGGTGTAGTAAGA-1,control,control,SMARCA4 KO,SMARCA4_KO,rna_only_pca,rna_only_pca__eps0p001__taua1__taub1,test,moscot_barycentric_source_to_target,rna_only_pca
ATCTATGAGCAGCTCA-1,2288,7.735870319952566,4347.0,8.377471,20.519898780768344,26.984126984126984,35.702783528870484,52.956061651713824,475.0,6.1654177,10.927076,1.0,True,20508,0.23696841165308624,0.0,13.77860235003092,NTC,T cell,ENCSR923FKN,NTC,NTC,0.0,ATCTATGAGCAGCTCA-1,control,control,SMARCA4 KO,SMARCA4_KO,rna_only_pca,rna_only_pca__eps0p001__taua1__taub1,test,moscot_barycentric_source_to_target,rna_only_pca
ATGAATGCATATAACC-1,3544,8.173293438966228,8551.0,9.053921,23.716524383113086,28.932288621213893,36.4284878961525,50.684130511051336,1207.0,7.096721,14.115308,1.0,True,13351,0.23239234174667966,0.0,10.289256198347108,NTC,T cell,ENCSR923FKN,NTC,NTC,0.0,ATGAATGCATATAACC-1,control,control,SMARCA4 KO,SMARCA4_KO,rna_only_pca,rna_only_pca__eps0p001__taua1__taub1,test,moscot_barycentric_source_to_target,rna_only_pca
ATGTAACGTTCGGGAT-1,1600,7.3783837129967145,2905.0,7.974533,28.74354561101549,36.075731497418246,44.99139414802065,62.1342512908778,461.0,6.135565,15.869191,1.0,True,10412,0.23266268700714865,0.0,20.141535111594987,NTC,T cell,ENCSR923FKN,NTC,NTC,0.0,ATGTAACGTTCGGGAT-1,control,control,SMARCA4 KO,SMARCA4_KO,rna_only_pca,rna_only_pca__eps0p001__taua1__taub1,test,moscot_barycentric_source_to_target,rna_only_pca
ATGTGAGAGGTCCTAG-1,2128,7.663407664893479,5149.0,8.546752,37.444163915323365,43.503592930666144,51.09730044668868,64.90580695280637,1347.0,7.2063775,26.16042,1.0,True,16349,0.22845681925436523,0.0,10.25065469509914,NTC,T cell,ENCSR923FKN,NTC,NTC,0.0,ATGTGAGAGGTCCTAG-1,control,control,SMARCA4 KO,SMARCA4_KO,rna_only_pca,rna_only_pca__eps0p001__taua1__taub1,test,moscot_barycentric_source_to_target,rna_only_pca
ATTAACCCAGTTAGCC-1,2824,7.946263643580541,6070.0,8.711279,22.99835255354201,29.341021416803954,37.46293245469523,53.03130148270181,706.0,6.561031,11.630972,1.0,True,17371,0.21791004457250907,0.0,14.216634429400386,NTC,T cell,ENCSR923FKN,NTC,NTC,0.0,ATTAACCCAGTTAGCC-1,control,control,SMARCA4 KO,SMARCA4_KO,rna_only_pca,rna_only_pca__eps0p001__taua1__taub1,test,moscot_barycentric_source_to_target,rna_only_pca
ATTCCTCCAGGACCTT-1,4631,8.440744019252831,14202.0,9.561209,21.482889733840306,27.13702295451345,34.6711730742149,48.802985495000705,1194.0,7.0859013,8.407267,1.0,True,44876,0.22269759063274042,0.0,9.083688352949672,NTC,T cell,ENCSR923FKN,NTC,NTC,0.0,ATTCCTCCAGGACCTT-1,control,control,SMARCA4 KO,SMARCA4_KO,rna_only_pca,rna_only_pca__eps0p001__taua1__taub1,test,moscot_barycentric_source_to_target,rna_only_pca
ATTCCTCCAGGTTTGC-1,2613,7.868636894184167,5512.0,8.614864,22.187953555878085,29.045718432510885,38.20754716981132,54.13642960812772,532.0,6.2785215,9.6516695,1.0,True,1864,0.2281573498964803,0.0,18.961038961038962,NTC,T cell,ENCSR923FKN,NTC,NTC,0.0,ATTCCTCCAGGTTTGC-1,control,control,SMARCA4 KO,SMARCA4_KO,rna_only_pca,rna_only_pca__eps0p001__taua1__taub1,test,moscot_barycentric_source_to_target,rna_only_pca
ATTGAAGCAGCTCATA-1,1494,7.3098814858247865,2498.0,7.823646,24.499599679743795,31.42514011208967,40.79263410728583,60.20816653322658,350.0,5.8607864,14.011209,1.0,True,15435,0.223239897337829,0.0,16.040490558691843,NTC,T cell,ENCSR923FKN,NTC,NTC,0.0,ATTGAAGCAGCTCATA-1,control,control,SMARCA4 KO,SMARCA4_KO,rna_only_pca,rna_only_pca__eps0p001__taua1__taub1,test,moscot_barycentric_source_to_target,rna_only_pca
ATTGCACAGGCACAGG-1,2619,7.8709295967551425,5868.0,8.67744,28.561690524880706,34.475119291070214,42.34832992501704,57.20858895705522,907.0,6.8112445,15.456714,1.0,True,20294,0.22203480794295793,0.0,12.438905180840663,NTC,T cell,ENCSR923FKN,NTC,NTC,0.0,ATTGCACAGGCACAGG-1,control,control,SMARCA4 KO,SMARCA4_KO,rna_only_pca,rna_only_pca__eps0p001__taua1__taub1,test,moscot_barycentric_source_to_target,rna_only_pca
CAAACTGGTGTAATAC-1,6562,8.789203094473722,26746.0,10.194178,20.186196066701562,25.633739624616762,32.77873326852613,45.81619681447693,2572.0,7.852828,9.616391,1.0,True,53257,0.21833766310011304,0.0,12.76202889106115,NTC,T cell,ENCSR923FKN,NTC,NTC,0.0,CAAACTGGTGTAATAC-1,control,control,SMARCA4 KO,SMARCA4_KO,rna_only_pca,rna_only_pca__eps0p001__taua1__taub1,test,moscot_barycentric_source_to_target,rna_only_pca
CAAAGTGAGGGTGGAT-1,2204,7.6984827878809465,4164.0,8.334472,26.753121998078772,32.61287223823247,40.874159462055715,56.48414985590778,710.0,6.5666723,17.050913,1.0,True,18727,0.22142768053881012,0.0,14.158221146573894,NTC,T cell,ENCSR923FKN,NTC,NTC,0.0,CAAAGTGAGGGTGGAT-1,control,control,SMARCA4 KO,SMARCA4_KO,rna_only_pca,rna_only_pca__eps0p001__taua1__taub1,test,moscot_barycentric_source_to_target,rna_only_pca
CAAGACAAGAAGCTAG-1,3686,8.212568398234144,10697.0,9.277812,30.485182761521923,35.77638590258951,43.17098251846312,56.68879124988314,1522.0,7.3284373,14.228289,1.0,True,24441,0.2158554974493888,0.0,14.003868471953579,NTC,T cell,ENCSR923FKN,NTC,NTC,0.0,CAAGACAAGAAGCTAG-1,control,control,SMARCA4 KO,SMARCA4_KO,rna_only_pca,rna_only_pca__eps0p001__taua1__taub1,test,moscot_barycentric_source_to_target,rna_only_pca
CAAGTGAAGCCTCTGT-1,3958,8.28374674710613,11967.0,9.389992,28.820924208239322,34.55335505974764,41.9319796105958,55.11824183170385,1797.0,7.49443,15.016295,1.0,True,32184,0.2368938944872555,0.0,10.897619730427301,NTC,T cell,ENCSR923FKN,NTC,NTC,0.0,CAAGTGAAGCCTCTGT-1,control,control,SMARCA4 KO,SMARCA4_KO,rna_only_pca,rna_only_pca__eps0p001__taua1__taub1,test,moscot_barycentric_source_to_target,rna_only_pca
CAAGTTATCTGCAAAC-1,3184,8.066207568006263,7452.0,8.916372,24.651100375738057,30.03220611916264,37.828770799785296,52.17391304347826,1019.0,6.927558,13.674182,1.0,True,19485,0.22168963451168366,0.0,12.47658838784037,NTC,T cell,ENCSR923FKN,NTC,NTC,0.0,CAAGTTATCTGCAAAC-1,control,control,SMARCA4 KO,SMARCA4_KO,rna_only_pca,rna_only_pca__eps0p001__taua1__taub1,test,moscot_barycentric_source_to_target,rna_only_pca
CACGCTAAGCCTGACA-1,2776,7.9291264873067995,5837.0,8.672144,23.590885728970363,29.552852492718863,37.72485866027069,53.33219119410656,711.0,6.568078,12.180915,1.0,True,25571,0.2207289571524349,0.0,14.712784409754107,NTC,T cell,ENCSR923FKN,NTC,NTC,0.0,CACGCTAAGCCTGACA-1,control,control,SMARCA4 KO,SMARCA4_KO,rna_only_pca,rna_only_pca__eps0p001__taua1__taub1,test,moscot_barycentric_source_to_target,rna_only_pca
CAGGACACATTGTGTG-1,2490,7.82043951526218,5385.0,8.591558,26.685236768802227,32.53481894150418,40.594243268337976,56.1188486536676,898.0,6.801283,16.675953,1.0,True,13178,0.23160349854227402,0.0,17.9880510253512,NTC,T cell,ENCSR923FKN,NTC,NTC,0.0,CAGGACACATTGTGTG-1,control,control,SMARCA4 KO,SMARCA4_KO,rna_only_pca,rna_only_pca__eps0p001__taua1__taub1,test,moscot_barycentric_source_to_target,rna_only_pca
CATAATCCAGCACGAA-1,5418,8.597666575566114,20929.0,9.948938,23.957188589994743,29.51884944335611,37.05384872664724,50.637870896841704,2191.0,7.6925697,10.468727,1.0,True,42542,0.2188968860164512,0.0,13.264810056253905,NTC,T cell,ENCSR923FKN,NTC,NTC,0.0,CATAATCCAGCACGAA-1,control,control,SMARCA4 KO,SMARCA4_KO,rna_only_pca,rna_only_pca__eps0p001__taua1__taub1,test,moscot_barycentric_source_to_target,rna_only_pca
CATAGACTCCTTGAGG-1,1797,7.494430215031565,3150.0,8.055475,24.03174603174603,30.698412698412696,39.682539682539684,58.730158730158735,426.0,6.056784,13.523809,1.0,True,14999,0.2264968284255583,0.0,13.760105593136446,NTC,T cell,ENCSR923FKN,NTC,NTC,0.0,CATAGACTCCTTGAGG-1,control,control,SMARCA4 KO,SMARCA4_KO,rna_only_pca,rna_only_pca__eps0p001__taua1__taub1,test,moscot_barycentric_source_to_target,rna_only_pca
CATAGTCAGGGATTAG-1,1852,7.52456122628536,3310.0,8.105005,24.018126888217523,30.604229607250755,40.06042296072507,58.58006042296072,476.0,6.1675167,14.380665,1.0,True,1236,0.22798251093066835,0.0,14.229249011857709,NTC,T cell,ENCSR923FKN,NTC,NTC,0.0,CATAGTCAGGGATTAG-1,control,control,SMARCA4 KO,SMARCA4_KO,rna_only_pca,rna_only_pca__eps0p001__taua1__taub1,test,moscot_barycentric_source_to_target,rna_only_pca
CATTATGAGACTAAGG-1,1942,7.571988449377439,3428.0,8.140024,25.612602100350056,31.271878646441074,39.7607934655776,57.263710618436406,518.0,6.251904,15.110852,1.0,True,16522,0.22267701717243005,0.0,15.03372952136203,NTC,T cell,ENCSR923FKN,NTC,NTC,0.0,CATTATGAGACTAAGG-1,control,control,SMARCA4 KO,SMARCA4_KO,rna_only_pca,rna_only_pca__eps0p001__taua1__taub1,test,moscot_barycentric_source_to_target,rna_only_pca
CCAGACTCATGCAACC-1,3076,8.031710375322042,6867.0,8.834628,24.275520605795837,30.304354157565168,38.211737294306104,52.99257317605941,863.0,6.761573,12.567351,1.0,True,30708,0.2289846339258813,0.0,12.031091584994932,NTC,T cell,ENCSR923FKN,NTC,NTC,0.0,CCAGACTCATGCAACC-1,control,control,SMARCA4 KO,SMARCA4_KO,rna_only_pca,rna_only_pca__eps0p001__taua1__taub1,test,moscot_barycentric_source_to_target,rna_only_pca
CCCTGTTAGGCCTTAG-1,2844,7.953318346560431,6441.0,8.770595,25.322154944884335,31.066604564508616,39.1554106505201,54.58779692594318,975.0,6.8834624,15.137402,1.0,True,33384,0.22036431574030824,0.0,10.075373019535457,NTC,T cell,ENCSR923FKN,NTC,NTC,0.0,CCCTGTTAGGCCTTAG-1,control,control,SMARCA4 KO,SMARCA4_KO,rna_only_pca,rna_only_pca__eps0p001__taua1__taub1,test,moscot_barycentric_source_to_target,rna_only_pca
CCGATGCAGCATTATG-1,2649,7.882314918980268,5885.0,8.680332,26.134239592183516,32.13254035683942,40.543755310110456,56.49957519116398,781.0,6.6618547,13.271028,1.0,True,22736,0.2209963681217022,0.0,12.570811977340167,NTC,T cell,ENCSR923FKN,NTC,NTC,0.0,CCGATGCAGCATTATG-1,control,control,SMARCA4 KO,SMARCA4_KO,rna_only_pca,rna_only_pca__eps0p001__taua1__taub1,test,moscot_barycentric_source_to_target,rna_only_pca
CCGCACACAAAGCCTC-1,3538,8.171599480345463,8148.0,9.0056505,20.029455081001473,25.871379479626906,33.50515463917525,48.15905743740795,703.0,6.5567784,8.627884,1.0,True,4815,0.22526146419951731,0.0,11.544011544011545,NTC,T cell,ENCSR923FKN,NTC,NTC,0.0,CCGCACACAAAGCCTC-1,control,control,SMARCA4 KO,SMARCA4_KO,rna_only_pca,rna_only_pca__eps0p001__taua1__taub1,test,moscot_barycentric_source_to_target,rna_only_pca
CCGCTTAGTTACCTGT-1,2136,7.667158255319148,4331.0,8.373785,25.74463172477488,31.840221657815746,40.54490879704456,57.09997691064419,659.0,6.49224,15.215885,1.0,True,15475,0.22399959883662623,0.0,14.445300462249616,NTC,T cell,ENCSR923FKN,NTC,NTC,0.0,CCGCTTAGTTACCTGT-1,control,control,SMARCA4 KO,SMARCA4_KO,rna_only_pca,rna_only_pca__eps0p001__taua1__taub1,test,moscot_barycentric_source_to_target,rna_only_pca
CCGTGCTGTTGTAAAC-1,1534,7.336285660021297,2912.0,7.9769387,31.181318681318682,37.84340659340659,46.60027472527473,64.49175824175825,572.0,6.350886,19.642857,1.0,True,12126,0.2343246827050578,0.0,16.312316715542522,NTC,T cell,ENCSR923FKN,NTC,NTC,0.0,CCGTGCTGTTGTAAAC-1,control,control,SMARCA4 KO,SMARCA4_KO,rna_only_pca,rna_only_pca__eps0p001__taua1__taub1,test,moscot_barycentric_source_to_target,rna_only_pca
CCGTTATGTTCCTGAT-1,4634,8.441391477999955,15086.0,9.621589,22.49105130584648,29.192628927482435,37.379026912369085,51.60413628529763,1303.0,7.1731915,8.637147,1.0,True,23000,0.225771703638873,0.0,14.9240589918556,NTC,T cell,ENCSR923FKN,NTC,NTC,0.0,CCGTTATGTTCCTGAT-1,control,control,SMARCA4 KO,SMARCA4_KO,rna_only_pca,rna_only_pca__eps0p001__taua1__taub1,test,moscot_barycentric_source_to_target,rna_only_pca
CCTAAGCCACTTGTTC-1,3380,8.125926802707886,9222.0,9.129456,26.63196703535025,32.975493385382784,41.11906310995445,55.89893732379093,1058.0,6.9650803,11.472566,1.0,True,10815,0.22395235361653276,0.0,16.09061864652919,NTC,T cell,ENCSR923FKN,NTC,NTC,0.0,CCTAAGCCACTTGTTC-1,control,control,SMARCA4 KO,SMARCA4_KO,rna_only_pca,rna_only_pca__eps0p001__taua1__taub1,test,moscot_barycentric_source_to_target,rna_only_pca
CCTAAGGTCATGCAAC-1,1831,7.513163545234075,3708.0,8.218517,28.209277238403452,35.571736785329016,45.09169363538296,62.75620280474649,547.0,6.3062754,14.751887,1.0,True,14488,0.21749932487172563,0.0,13.176710929519919,NTC,T cell,ENCSR923FKN,NTC,NTC,0.0,CCTAAGGTCATGCAAC-1,control,control,SMARCA4 KO,SMARCA4_KO,rna_only_pca,rna_only_pca__eps0p001__taua1__taub1,test,moscot_barycentric_source_to_target,rna_only_pca
CCTATTTAGAATCTCA-1,3890,8.266421472984554,12113.0,9.402117,27.400313712540246,33.971765871377855,41.682489886898374,55.560141996202425,1359.0,7.21524,11.219351,1.0,True,28865,0.22158998975244049,0.0,9.549017611727578,NTC,T cell,ENCSR923FKN,NTC,NTC,0.0,CCTATTTAGAATCTCA-1,control,control,SMARCA4 KO,SMARCA4_KO,rna_only_pca,rna_only_pca__eps0p001__taua1__taub1,test,moscot_barycentric_source_to_target,rna_only_pca
CCTATTTAGTCATTTC-1,4087,8.31581113188354,12357.0,9.422059,23.90547867605406,29.918264951039898,37.784251841061746,52.415634862830785,1321.0,7.186901,10.690297,1.0,True,28274,0.2205221514625203,0.0,12.70512433303131,NTC,T cell,ENCSR923FKN,NTC,NTC,0.0,CCTATTTAGTCATTTC-1,control,control,SMARCA4 KO,SMARCA4_KO,rna_only_pca,rna_only_pca__eps0p001__taua1__taub1,test,moscot_barycentric_source_to_target,rna_only_pca
CCTCCTGAGAGAAGGG-1,4409,8.391629968440892,14516.0,9.583076,30.270046844860843,35.73987324331772,42.68393496831083,55.29760264535685,2536.0,7.8387375,17.470377,1.0,True,45202,0.2246788219756093,0.0,12.969283276450513,NTC,T cell,ENCSR923FKN,NTC,NTC,0.0,CCTCCTGAGAGAAGGG-1,control,control,SMARCA4 KO,SMARCA4_KO,rna_only_pca,rna_only_pca__eps0p001__taua1__taub1,test,moscot_barycentric_source_to_target,rna_only_pca
CGAATATGTGTCACGG-1,3240,8.083637203141548,7476.0,8.919587,23.769395398608882,29.253611556982346,36.85125735687534,51.511503477795614,925.0,6.8308744,12.372927,1.0,True,26950,0.23608945831797956,0.0,19.53834372606936,NTC,T cell,ENCSR923FKN,NTC,NTC,0.0,CGAATATGTGTCACGG-1,control,control,SMARCA4 KO,SMARCA4_KO,rna_only_pca,rna_only_pca__eps0p001__taua1__taub1,test,moscot_barycentric_source_to_target,rna_only_pca
CGAGCGAAGAATGACG-1,1456,7.284134806195205,2968.0,7.9959803,35.98382749326146,42.48652291105121,51.381401617250674,67.78975741239893,608.0,6.4118185,20.485174,1.0,True,20116,0.23472570950315752,0.0,14.105658353445964,NTC,T cell,ENCSR923FKN,NTC,NTC,0.0,CGAGCGAAGAATGACG-1,control,control,SMARCA4 KO,SMARCA4_KO,rna_only_pca,rna_only_pca__eps0p001__taua1__taub1,test,moscot_barycentric_source_to_target,rna_only_pca
CGATTGAGTTAGGATT-1,2878,7.965198290612175,6044.0,8.706986,22.088021178027798,27.71343481138319,35.65519523494375,51.869622766379884,696.0,6.5467854,11.5155525,1.0,True,15190,0.21910343409418054,0.0,17.400568181818183,NTC,T cell,ENCSR923FKN,NTC,NTC,0.0,CGATTGAGTTAGGATT-1,control,control,SMARCA4 KO,SMARCA4_KO,rna_only_pca,rna_only_pca__eps0p001__taua1__taub1,test,moscot_barycentric_source_to_target,rna_only_pca
CGCAATTAGCTCGCTT-1,2333,7.755338812846501,4898.0,8.496786,27.153940383830133,33.52388730093916,42.343813801551654,57.411188240098,799.0,6.684612,16.31278,1.0,True,19489,0.2294401391744425,0.0,13.600796699388248,NTC,T cell,ENCSR923FKN,NTC,NTC,0.0,CGCAATTAGCTCGCTT-1,control,control,SMARCA4 KO,SMARCA4_KO,rna_only_pca,rna_only_pca__eps0p001__taua1__taub1,test,moscot_barycentric_source_to_target,rna_only_pca
CGCTATGAGACAAACG-1,3026,8.015327309021718,7188.0,8.880307,28.519755147468,35.15581524763495,42.52921535893155,56.32999443516973,961.0,6.8690143,13.369505,1.0,True,8162,0.22259262786932088,0.0,13.60318513603185,NTC,T cell,ENCSR923FKN,NTC,NTC,0.0,CGCTATGAGACAAACG-1,control,control,SMARCA4 KO,SMARCA4_KO,rna_only_pca,rna_only_pca__eps0p001__taua1__taub1,test,moscot_barycentric_source_to_target,rna_only_pca
CGGACAACACTGGCTG-1,2544,7.841885928984623,5376.0,8.589886,23.121279761904763,29.389880952380953,38.058035714285715,54.52008928571429,612.0,6.418365,11.383928,1.0,True,11235,0.21799958237627892,0.0,21.586893671699325,NTC,T cell,ENCSR923FKN,NTC,NTC,0.0,CGGACAACACTGGCTG-1,control,control,SMARCA4 KO,SMARCA4_KO,rna_only_pca,rna_only_pca__eps0p001__taua1__taub1,test,moscot_barycentric_source_to_target,rna_only_pca
CGGAGCAAGACAGGTA-1,2033,7.617759576608505,3943.0,8.279951,27.846817144306367,33.78138473243723,42.48034491503931,58.81308648237382,688.0,6.535241,17.448643,1.0,True,15691,0.23507044313362258,0.0,14.545454545454543,NTC,T cell,ENCSR923FKN,NTC,NTC,0.0,CGGAGCAAGACAGGTA-1,control,control,SMARCA4 KO,SMARCA4_KO,rna_only_pca,rna_only_pca__eps0p001__taua1__taub1,test,moscot_barycentric_source_to_target,rna_only_pca
CGGATTAGTCGTTACT-1,2040,7.621195162809845,3636.0,8.198915,23.157315731573156,29.4004400440044,38.33883388338834,55.85808580858086,472.0,6.1590953,12.981298,1.0,True,12395,0.2279663656181875,0.0,16.512059369202227,NTC,T cell,ENCSR923FKN,NTC,NTC,0.0,CGGATTAGTCGTTACT-1,control,control,SMARCA4 KO,SMARCA4_KO,rna_only_pca,rna_only_pca__eps0p001__taua1__taub1,test,moscot_barycentric_source_to_target,rna_only_pca
CGGCTAATCATGGTTA-1,2063,7.6324011266014535,4172.0,8.3363905,27.15723873441994,34.491850431447745,43.288590604026844,59.70757430488975,588.0,6.378426,14.09396,1.0,True,17728,0.22938491632253855,0.0,16.174010039040713,NTC,T cell,ENCSR923FKN,NTC,NTC,0.0,CGGCTAATCATGGTTA-1,control,control,SMARCA4 KO,SMARCA4_KO,rna_only_pca,rna_only_pca__eps0p001__taua1__taub1,test,moscot_barycentric_source_to_target,rna_only_pca
CGTATTGCAATGAGGT-1,2390,7.779466967458324,4974.0,8.51218,26.135906714917574,32.549256131885805,40.99316445516687,56.17209489344592,712.0,6.5694814,14.314435,1.0,True,17995,0.2305883358987515,0.0,14.42653731810358,NTC,T cell,ENCSR923FKN,NTC,NTC,0.0,CGTATTGCAATGAGGT-1,control,control,SMARCA4 KO,SMARCA4_KO,rna_only_pca,rna_only_pca__eps0p001__taua1__taub1,test,moscot_barycentric_source_to_target,rna_only_pca
CGTGTGTCAAGGAATC-1,1815,7.504391559161238,3702.0,8.216899,32.90113452188007,39.03295515937331,47.46083198271205,63.91139924365208,666.0,6.50279,17.990276,1.0,True,24506,0.22439549310039242,0.0,12.178387650085764,NTC,T cell,ENCSR923FKN,NTC,NTC,0.0,CGTGTGTCAAGGAATC-1,control,control,SMARCA4 KO,SMARCA4_KO,rna_only_pca,rna_only_pca__eps0p001__taua1__taub1,test,moscot_barycentric_source_to_target,rna_only_pca
CGTTATCGTTGCACGG-1,3125,8.047509510981422,8842.0,9.087381,33.962904320289525,39.855236371861565,47.80592626102692,61.00429767021036,1526.0,7.3310604,17.25854,1.0,True,30489,0.23438716319714736,0.0,12.585596221959857,NTC,T cell,ENCSR923FKN,NTC,NTC,0.0,CGTTATCGTTGCACGG-1,control,control,SMARCA4 KO,SMARCA4_KO,rna_only_pca,rna_only_pca__eps0p001__taua1__taub1,test,moscot_barycentric_source_to_target,rna_only_pca
CTATGACAGCTTCTCA-1,2064,7.632885505395133,3889.0,8.266165,23.862175366418104,30.599125739264593,39.59886860375418,56.80123425044998,491.0,6.1984787,12.625353,1.0,True,10864,0.21976443550703817,0.0,15.576973170096378,NTC,T cell,ENCSR923FKN,NTC,NTC,0.0,CTATGACAGCTTCTCA-1,control,control,SMARCA4 KO,SMARCA4_KO,rna_only_pca,rna_only_pca__eps0p001__taua1__taub1,test,moscot_barycentric_source_to_target,rna_only_pca
CTCGCTAGTGGAAACG-1,1145,7.044032897274684,1849.0,7.522941,24.878312601406165,33.26122228231477,44.61871281773932,65.11627906976744,186.0,5.2311087,10.059491,1.0,True,12415,0.22279954926755974,0.0,16.740994854202402,NTC,T cell,ENCSR923FKN,NTC,NTC,0.0,CTCGCTAGTGGAAACG-1,control,control,SMARCA4 KO,SMARCA4_KO,rna_only_pca,rna_only_pca__eps0p001__taua1__taub1,test,moscot_barycentric_source_to_target,rna_only_pca
CTCTAGCTCCGCCTAT-1,3157,8.057694194815587,8654.0,9.065892,28.84215391726369,36.01802634619829,44.233880286572685,57.91541483706957,1067.0,6.973543,12.329558,1.0,True,22487,0.23252559726962463,0.0,14.556524145565241,NTC,T cell,ENCSR923FKN,NTC,NTC,0.0,CTCTAGCTCCGCCTAT-1,control,control,SMARCA4 KO,SMARCA4_KO,rna_only_pca,rna_only_pca__eps0p001__taua1__taub1,test,moscot_barycentric_source_to_target,rna_only_pca
CTGTTAAAGGTAACGA-1,2193,7.693481640835175,4269.0,8.359369,23.846334036074023,30.03045209650972,38.62731318810026,54.930897165612556,589.0,6.3801227,13.797142,1.0,True,19972,0.2299209562367457,0.0,12.65325005783021,NTC,T cell,ENCSR923FKN,NTC,NTC,0.0,CTGTTAAAGGTAACGA-1,control,control,SMARCA4 KO,SMARCA4_KO,rna_only_pca,rna_only_pca__eps0p001__taua1__taub1,test,moscot_barycentric_source_to_target,rna_only_pca
CTGTTCATCACTAATG-1,3173,8.062747901086354,6990.0,8.852379,21.044349070100143,26.967095851216023,35.06437768240344,50.40057224606581,725.0,6.58755,10.37196,1.0,True,24607,0.2279672450036081,0.0,11.581027667984191,NTC,T cell,ENCSR923FKN,NTC,NTC,0.0,CTGTTCATCACTAATG-1,control,control,SMARCA4 KO,SMARCA4_KO,rna_only_pca,rna_only_pca__eps0p001__taua1__taub1,test,moscot_barycentric_source_to_target,rna_only_pca
CTTACTAGTTTGGTTC-1,3775,8.236420527265391,9718.0,9.181838,21.856349043012965,27.567400699732453,35.58345338547026,50.432187692940936,1139.0,7.0387836,11.720519,1.0,True,33933,0.22763690991032004,0.0,12.796243304717882,NTC,T cell,ENCSR923FKN,NTC,NTC,0.0,CTTACTAGTTTGGTTC-1,control,control,SMARCA4 KO,SMARCA4_KO,rna_only_pca,rna_only_pca__eps0p001__taua1__taub1,test,moscot_barycentric_source_to_target,rna_only_pca
CTTAGTTTCCATTACT-1,2399,7.783224016336037,4823.0,8.481359,18.930126477296287,25.917478747667428,35.745386688782915,53.34853825419863,348.0,5.855072,7.215426,1.0,True,17679,0.22849661793584986,0.0,15.803193222548062,NTC,T cell,ENCSR923FKN,NTC,NTC,0.0,CTTAGTTTCCATTACT-1,control,control,SMARCA4 KO,SMARCA4_KO,rna_only_pca,rna_only_pca__eps0p001__taua1__taub1,test,moscot_barycentric_source_to_target,rna_only_pca
CTTAGTTTCGTTTCGC-1,2081,7.641084249174914,4018.0,8.298788,24.738675958188153,31.20955699352912,39.646590343454456,56.34644101543056,508.0,6.232448,12.643106,1.0,True,15334,0.24002577191852104,0.0,16.32933104631218,NTC,T cell,ENCSR923FKN,NTC,NTC,0.0,CTTAGTTTCGTTTCGC-1,control,control,SMARCA4 KO,SMARCA4_KO,rna_only_pca,rna_only_pca__eps0p001__taua1__taub1,test,moscot_barycentric_source_to_target,rna_only_pca
CTTCAATTCAAAGGCA-1,2310,7.745435610274381,5025.0,8.52238,28.398009950248753,35.06467661691543,43.56218905472637,58.64676616915423,769.0,6.6463904,15.303482,1.0,True,22148,0.23835069981773793,0.0,13.283754327477883,NTC,T cell,ENCSR923FKN,NTC,NTC,0.0,CTTCAATTCAAAGGCA-1,control,control,SMARCA4 KO,SMARCA4_KO,rna_only_pca,rna_only_pca__eps0p001__taua1__taub1,test,moscot_barycentric_source_to_target,rna_only_pca
CTTCAATTCGGTACGC-1,1820,7.5071410797276075,3872.0,8.261785,30.862603305785125,37.70661157024794,46.77169421487603,63.61053719008265,628.0,6.4441314,16.219007,1.0,True,9605,0.21935955786736017,0.0,15.397727272727272,NTC,T cell,ENCSR923FKN,NTC,NTC,0.0,CTTCAATTCGGTACGC-1,control,control,SMARCA4 KO,SMARCA4_KO,rna_only_pca,rna_only_pca__eps0p001__taua1__taub1,test,moscot_barycentric_source_to_target,rna_only_pca
CTTCTCAAGCGCAATT-1,2721,7.909122183211411,6420.0,8.767329,24.143302180685357,30.856697819314643,39.875389408099686,56.49532710280374,767.0,6.64379,11.947041,1.0,True,18230,0.21809993566373576,0.0,14.936247723132968,NTC,T cell,ENCSR923FKN,NTC,NTC,0.0,CTTCTCAAGCGCAATT-1,control,control,SMARCA4 KO,SMARCA4_KO,rna_only_pca,rna_only_pca__eps0p001__taua1__taub1,test,moscot_barycentric_source_to_target,rna_only_pca
CTTGACGAGAAACTGG-1,2615,7.869401712577089,5779.0,8.662159,25.6964872815366,31.89133068004845,40.56065063159716,56.39383976466517,659.0,6.49224,11.4033575,1.0,True,3797,0.22080853683562485,0.0,15.003178639542275,NTC,T cell,ENCSR923FKN,NTC,NTC,0.0,CTTGACGAGAAACTGG-1,control,control,SMARCA4 KO,SMARCA4_KO,rna_only_pca,rna_only_pca__eps0p001__taua1__taub1,test,moscot_barycentric_source_to_target,rna_only_pca
CTTGCATGTCAAGACC-1,2533,7.837554360881084,6643.0,8.80147,34.18636158362185,40.463645943098,48.712930904711726,62.80295047418335,1262.0,7.1412454,18.99744,1.0,True,5239,0.21887580140152085,0.0,11.34020618556701,NTC,T cell,ENCSR923FKN,NTC,NTC,0.0,CTTGCATGTCAAGACC-1,control,control,SMARCA4 KO,SMARCA4_KO,rna_only_pca,rna_only_pca__eps0p001__taua1__taub1,test,moscot_barycentric_source_to_target,rna_only_pca
CTTGTAAAGTTCCTGC-1,3017,8.012349639327795,6719.0,8.812843,24.91442178895669,30.570025301384135,38.696234558714096,53.83241553802649,1045.0,6.9527287,15.55291,1.0,True,25797,0.22314572228746954,0.0,13.541446952119808,NTC,T cell,ENCSR923FKN,NTC,NTC,0.0,CTTGTAAAGTTCCTGC-1,control,control,SMARCA4 KO,SMARCA4_KO,rna_only_pca,rna_only_pca__eps0p001__taua1__taub1,test,moscot_barycentric_source_to_target,rna_only_pca
CTTTATGGTTCTTTAG-1,2723,7.909856667269403,5859.0,8.675905,23.314558798429765,29.04932582351937,37.190646868066224,53.60983102918587,646.0,6.4723463,11.025772,1.0,True,23219,0.23248049715721275,0.0,12.691373666983424,NTC,T cell,ENCSR923FKN,NTC,NTC,0.0,CTTTATGGTTCTTTAG-1,control,control,SMARCA4 KO,SMARCA4_KO,rna_only_pca,rna_only_pca__eps0p001__taua1__taub1,test,moscot_barycentric_source_to_target,rna_only_pca
CTTTCTTGTAAGTCGC-1,2291,7.73718007783463,5048.0,8.526945,27.892234548335974,34.52852614896989,43.18541996830428,58.77575277337559,676.0,6.517671,13.391442,1.0,True,10417,0.225559437960003,0.0,16.128057988523103,NTC,T cell,ENCSR923FKN,NTC,NTC,0.0,CTTTCTTGTAAGTCGC-1,control,control,SMARCA4 KO,SMARCA4_KO,rna_only_pca,rna_only_pca__eps0p001__taua1__taub1,test,moscot_barycentric_source_to_target,rna_only_pca
CTTTGGGAGCTCCCTG-1,3280,8.0959035329611,7695.0,8.948456,22.82001299545159,28.61598440545809,36.34827810266407,50.786224821312544,1029.0,6.937314,13.37232,1.0,True,24685,0.2128256640836761,0.0,15.161450571286638,NTC,T cell,ENCSR923FKN,NTC,NTC,0.0,CTTTGGGAGCTCCCTG-1,control,control,SMARCA4 KO,SMARCA4_KO,rna_only_pca,rna_only_pca__eps0p001__taua1__taub1,test,moscot_barycentric_source_to_target,rna_only_pca
GACCTAGTCGGTTCCT-1,883,6.784457062637643,1460.0,7.2868767,28.835616438356166,38.013698630136986,51.71232876712328,73.76712328767124,192.0,5.26269,13.150684,1.0,True,1330,0.20833333333333337,0.0,18.437900128040976,NTC,T cell,ENCSR923FKN,NTC,NTC,0.0,GACCTAGTCGGTTCCT-1,control,control,SMARCA4 KO,SMARCA4_KO,rna_only_pca,rna_only_pca__eps0p001__taua1__taub1,test,moscot_barycentric_source_to_target,rna_only_pca
GAGCTAGCAGCACGAA-1,2591,7.860185057472165,5562.0,8.623893,27.885652642934193,33.531103919453436,41.42394822006473,56.07695073714491,976.0,6.8844867,17.547646,1.0,True,21758,0.2330090242526791,0.0,14.18671015083571,NTC,T cell,ENCSR923FKN,NTC,NTC,0.0,GAGCTAGCAGCACGAA-1,control,control,SMARCA4 KO,SMARCA4_KO,rna_only_pca,rna_only_pca__eps0p001__taua1__taub1,test,moscot_barycentric_source_to_target,rna_only_pca
GAGCTTAGTTAAATGC-1,2410,7.787796878181171,4868.0,8.4906435,28.348397699260474,33.50451930977814,40.879211175020544,55.73130649137222,912.0,6.8167357,18.734594,1.0,True,20958,0.2299099761161124,0.0,14.580956003550146,NTC,T cell,ENCSR923FKN,NTC,NTC,0.0,GAGCTTAGTTAAATGC-1,control,control,SMARCA4 KO,SMARCA4_KO,rna_only_pca,rna_only_pca__eps0p001__taua1__taub1,test,moscot_barycentric_source_to_target,rna_only_pca
GAGCTTAGTTCAAGCA-1,1759,7.473069088032197,3368.0,8.122372,30.225653206650833,36.37173396674584,44.982185273159146,62.6187648456057,671.0,6.510258,19.922804,1.0,True,29406,0.2331203546746642,0.0,15.025110177308601,NTC,T cell,ENCSR923FKN,NTC,NTC,0.0,GAGCTTAGTTCAAGCA-1,control,control,SMARCA4 KO,SMARCA4_KO,rna_only_pca,rna_only_pca__eps0p001__taua1__taub1,test,moscot_barycentric_source_to_target,rna_only_pca
GAGGAGGCAAGGACCA-1,2814,7.94271754057379,6395.0,8.763428,26.020328381548087,31.493354182955436,39.48397185301016,54.93354182955434,987.0,6.895683,15.433933,1.0,True,30525,0.214326160815402,0.0,15.18501598903609,NTC,T cell,ENCSR923FKN,NTC,NTC,0.0,GAGGAGGCAAGGACCA-1,control,control,SMARCA4 KO,SMARCA4_KO,rna_only_pca,rna_only_pca__eps0p001__taua1__taub1,test,moscot_barycentric_source_to_target,rna_only_pca
GAGTAATAGGTCCAAT-1,2921,7.980023592310644,6220.0,8.735686,21.479099678456592,27.20257234726688,35.35369774919614,51.20578778135049,706.0,6.561031,11.350482,1.0,True,11319,0.21819312059676754,0.0,18.070953436807095,NTC,T cell,ENCSR923FKN,NTC,NTC,0.0,GAGTAATAGGTCCAAT-1,control,control,SMARCA4 KO,SMARCA4_KO,rna_only_pca,rna_only_pca__eps0p001__taua1__taub1,test,moscot_barycentric_source_to_target,rna_only_pca
GAGTAATAGGTGTCCA-1,1128,7.029087564149662,2604.0,7.865188,42.28110599078341,49.615975422427034,59.7926267281106,75.88325652841782,723.0,6.584791,27.764977,1.0,True,6030,0.22303826826439888,0.0,21.692789968652036,NTC,T cell,ENCSR923FKN,NTC,NTC,0.0,GAGTAATAGGTGTCCA-1,control,control,SMARCA4 KO,SMARCA4_KO,rna_only_pca,rna_only_pca__eps0p001__taua1__taub1,test,moscot_barycentric_source_to_target,rna_only_pca
GAGTTGCGTGTCCTGC-1,3054,8.024534871605695,8650.0,9.065431,36.092485549132945,41.27167630057804,48.21965317919075,60.994219653179194,1789.0,7.4899707,20.682081,1.0,True,28314,0.22040805088245818,0.0,12.128099173553721,NTC,T cell,ENCSR923FKN,NTC,NTC,0.0,GAGTTGCGTGTCCTGC-1,control,control,SMARCA4 KO,SMARCA4_KO,rna_only_pca,rna_only_pca__eps0p001__taua1__taub1,test,moscot_barycentric_source_to_target,rna_only_pca
GATAGACCAAACCCTA-1,3001,8.007034012193406,6574.0,8.79103,24.338302403407365,29.72315181016124,37.25281411621539,52.40340736233647,997.0,6.905753,15.165804,1.0,True,24543,0.2211291295103297,0.0,11.054869406762503,NTC,T cell,ENCSR923FKN,NTC,NTC,0.0,GATAGACCAAACCCTA-1,control,control,SMARCA4 KO,SMARCA4_KO,rna_only_pca,rna_only_pca__eps0p001__taua1__taub1,test,moscot_barycentric_source_to_target,rna_only_pca
GATGACTTCTAGCTAA-1,2843,7.952966790923131,5807.0,8.666991,19.35594971586017,24.935422765627692,32.85689684863096,49.526433614603064,589.0,6.3801227,10.142931,1.0,True,19021,0.22609650907315482,0.0,10.755441741357233,NTC,T cell,ENCSR923FKN,NTC,NTC,0.0,GATGACTTCTAGCTAA-1,control,control,SMARCA4 KO,SMARCA4_KO,rna_only_pca,rna_only_pca__eps0p001__taua1__taub1,test,moscot_barycentric_source_to_target,rna_only_pca
GATTATGTCCTAATAG-1,3507,8.162801353492073,10724.0,9.280333,29.084296904140245,35.51846325997762,43.453935098843715,57.72099962700486,1380.0,7.230563,12.868333,1.0,True,24772,0.23417936748384705,0.0,13.170865279299013,NTC,T cell,ENCSR923FKN,NTC,NTC,0.0,GATTATGTCCTAATAG-1,control,control,SMARCA4 KO,SMARCA4_KO,rna_only_pca,rna_only_pca__eps0p001__taua1__taub1,test,moscot_barycentric_source_to_target,rna_only_pca
GATTCAGGTGTGAGAG-1,2473,7.813591552952433,5638.0,8.637462,25.71833983682157,32.45831855267826,41.273501241575026,57.44945015963108,730.0,6.5944133,12.947854,1.0,True,19566,0.22974568931580186,0.0,12.559989030577265,NTC,T cell,ENCSR923FKN,NTC,NTC,0.0,GATTCAGGTGTGAGAG-1,control,control,SMARCA4 KO,SMARCA4_KO,rna_only_pca,rna_only_pca__eps0p001__taua1__taub1,test,moscot_barycentric_source_to_target,rna_only_pca
GCACATTAGTGCACGC-1,3588,8.185628891147607,10249.0,9.235033,25.456142062640257,31.7787101180603,40.17952971021563,54.76631866523564,955.0,6.862758,9.317982,1.0,True,16798,0.22155799620000927,0.0,11.499912080182874,NTC,T cell,ENCSR923FKN,NTC,NTC,0.0,GCACATTAGTGCACGC-1,control,control,SMARCA4 KO,SMARCA4_KO,rna_only_pca,rna_only_pca__eps0p001__taua1__taub1,test,moscot_barycentric_source_to_target,rna_only_pca
GCATATATCAAACCTA-1,2202,7.697575346802343,4012.0,8.297295,18.320039880358923,24.700897308075774,33.77367896311067,51.91924227318046,307.0,5.7300997,7.6520433,1.0,True,12257,0.23584788029925186,0.0,18.769787426503846,NTC,T cell,ENCSR923FKN,NTC,NTC,0.0,GCATATATCAAACCTA-1,control,control,SMARCA4 KO,SMARCA4_KO,rna_only_pca,rna_only_pca__eps0p001__taua1__taub1,test,moscot_barycentric_source_to_target,rna_only_pca
GCATGAGCACTTACAG-1,2172,7.6838639802564295,5003.0,8.517993,32.940235858484904,39.236458125124926,47.77133719768139,62.52248650809514,1087.0,6.9920964,21.726965,1.0,True,18295,0.22327417848348474,0.0,15.098351940457203,NTC,T cell,ENCSR923FKN,NTC,NTC,0.0,GCATGAGCACTTACAG-1,control,control,SMARCA4 KO,SMARCA4_KO,rna_only_pca,rna_only_pca__eps0p001__taua1__taub1,test,moscot_barycentric_source_to_target,rna_only_pca
GCGAAGTAGAGAAGGG-1,1073,6.979145275068809,2260.0,7.7235627,39.203539823008846,46.991150442477874,57.07964601769911,74.64601769911503,565.0,6.338594,25.0,1.0,True,6387,0.22544263885520255,0.0,20.143884892086334,NTC,T cell,ENCSR923FKN,NTC,NTC,0.0,GCGAAGTAGAGAAGGG-1,control,control,SMARCA4 KO,SMARCA4_KO,rna_only_pca,rna_only_pca__eps0p001__taua1__taub1,test,moscot_barycentric_source_to_target,rna_only_pca
GCGCTTAAGATGCCTG-1,3346,8.115819701211326,7821.0,8.964696,21.876997826364917,27.541235136171842,35.23846055491625,50.22375655287048,872.0,6.7719355,11.149469,1.0,True,24455,0.2255193818089688,0.0,16.18709159692766,NTC,T cell,ENCSR923FKN,NTC,NTC,0.0,GCGCTTAAGATGCCTG-1,control,control,SMARCA4 KO,SMARCA4_KO,rna_only_pca,rna_only_pca__eps0p001__taua1__taub1,test,moscot_barycentric_source_to_target,rna_only_pca
GCGTAACGTTTGTGGA-1,3284,8.09712193091871,10073.0,9.217713,32.41338230914325,38.56845031271717,46.699096594857544,61.02452099672392,1702.0,7.440147,16.896654,1.0,True,23984,0.20666843080179942,0.0,11.16883116883117,NTC,T cell,ENCSR923FKN,NTC,NTC,0.0,GCGTAACGTTTGTGGA-1,control,control,SMARCA4 KO,SMARCA4_KO,rna_only_pca,rna_only_pca__eps0p001__taua1__taub1,test,moscot_barycentric_source_to_target,rna_only_pca
GCTAATATCAAGGACA-1,2885,7.967626739333816,6044.0,8.706986,22.518199867637325,28.424884182660488,36.548643282594306,51.869622766379884,774.0,6.652863,12.806089,1.0,True,19021,0.22147184020956123,0.0,13.393386274742207,NTC,T cell,ENCSR923FKN,NTC,NTC,0.0,GCTAATATCAAGGACA-1,control,control,SMARCA4 KO,SMARCA4_KO,rna_only_pca,rna_only_pca__eps0p001__taua1__taub1,test,moscot_barycentric_source_to_target,rna_only_pca
GCTAGCCAGGTCATTA-1,1356,7.2130316598348685,2362.0,7.7676873,25.825571549534292,34.37764606265876,45.131244707874686,63.75952582557155,207.0,5.3375382,8.76376,1.0,True,10921,0.22699603624009057,0.0,15.208156329651656,NTC,T cell,ENCSR923FKN,NTC,NTC,0.0,GCTAGCCAGGTCATTA-1,control,control,SMARCA4 KO,SMARCA4_KO,rna_only_pca,rna_only_pca__eps0p001__taua1__taub1,test,moscot_barycentric_source_to_target,rna_only_pca
GCTGTAAGTCATTAGG-1,3159,8.058327306580958,8625.0,9.062536,32.52173913043478,38.481159420289856,45.65797101449275,58.84057971014492,1258.0,7.138073,14.585506,1.0,True,13189,0.22902905243467586,0.0,14.808324205914566,NTC,T cell,ENCSR923FKN,NTC,NTC,0.0,GCTGTAAGTCATTAGG-1,control,control,SMARCA4 KO,SMARCA4_KO,rna_only_pca,rna_only_pca__eps0p001__taua1__taub1,test,moscot_barycentric_source_to_target,rna_only_pca
GCTTATCGTATTGTGG-1,2866,7.96102146588337,7026.0,8.857515,28.622260176487334,34.7423854255622,42.62738400227726,57.201821804725306,1059.0,6.9660244,15.072587,1.0,True,11662,0.23012939001848431,0.0,14.393939393939394,NTC,T cell,ENCSR923FKN,NTC,NTC,0.0,GCTTATCGTATTGTGG-1,control,control,SMARCA4 KO,SMARCA4_KO,rna_only_pca,rna_only_pca__eps0p001__taua1__taub1,test,moscot_barycentric_source_to_target,rna_only_pca
GCTTCGCGTCATAACG-1,1768,7.478169694159785,3126.0,8.04783,24.760076775431862,31.477927063339735,41.04286628278951,59.436980166346764,401.0,5.9964523,12.827895,1.0,True,12745,0.2360486723011449,0.0,16.51757853130851,NTC,T cell,ENCSR923FKN,NTC,NTC,0.0,GCTTCGCGTCATAACG-1,control,control,SMARCA4 KO,SMARCA4_KO,rna_only_pca,rna_only_pca__eps0p001__taua1__taub1,test,moscot_barycentric_source_to_target,rna_only_pca
GCTTGACCACTAAGCC-1,1778,7.483806687665835,4123.0,8.324579,31.700218287654618,39.94664079553723,49.50278923114237,66.33519282076158,605.0,6.40688,14.673781,1.0,True,11531,0.22423304628632934,0.0,15.467470917707884,NTC,T cell,ENCSR923FKN,NTC,NTC,0.0,GCTTGACCACTAAGCC-1,control,control,SMARCA4 KO,SMARCA4_KO,rna_only_pca,rna_only_pca__eps0p001__taua1__taub1,test,moscot_barycentric_source_to_target,rna_only_pca
GCTTTCATCTCACATT-1,2368,7.7702232041587855,4716.0,8.458928,22.349448685326546,28.541136556403735,37.128922815945714,53.604749787955896,440.0,6.089045,9.329941,1.0,True,1894,0.23690572119258657,0.0,23.101604278074863,NTC,T cell,ENCSR923FKN,NTC,NTC,0.0,GCTTTCATCTCACATT-1,control,control,SMARCA4 KO,SMARCA4_KO,rna_only_pca,rna_only_pca__eps0p001__taua1__taub1,test,moscot_barycentric_source_to_target,rna_only_pca
GGAACGGTCTCACTCA-1,1869,7.533693709848632,3547.0,8.174139,24.527769946433605,31.435015506061458,41.18973780659713,59.59966168593177,419.0,6.0402546,11.812799,1.0,True,14256,0.22610064600184576,0.0,18.141324154687183,NTC,T cell,ENCSR923FKN,NTC,NTC,0.0,GGAACGGTCTCACTCA-1,control,control,SMARCA4 KO,SMARCA4_KO,rna_only_pca,rna_only_pca__eps0p001__taua1__taub1,test,moscot_barycentric_source_to_target,rna_only_pca
GGACCGAAGTTTGCGG-1,1314,7.181591944611864,2206.0,7.6993895,26.33726201269266,33.998186763372615,43.97098821396192,63.100634632819585,290.0,5.673323,13.145966,1.0,True,13817,0.21933442567376693,0.0,19.349046015712684,NTC,T cell,ENCSR923FKN,NTC,NTC,0.0,GGACCGAAGTTTGCGG-1,control,control,SMARCA4 KO,SMARCA4_KO,rna_only_pca,rna_only_pca__eps0p001__taua1__taub1,test,moscot_barycentric_source_to_target,rna_only_pca
GGAGCATAGCCGCAGT-1,1761,7.474204806496124,3245.0,8.085178,26.009244992295837,32.696456086286595,42.15716486902927,60.92449922958397,416.0,6.0330863,12.819722,1.0,True,15134,0.23009614895457087,0.0,16.94214876033058,NTC,T cell,ENCSR923FKN,NTC,NTC,0.0,GGAGCATAGCCGCAGT-1,control,control,SMARCA4 KO,SMARCA4_KO,rna_only_pca,rna_only_pca__eps0p001__taua1__taub1,test,moscot_barycentric_source_to_target,rna_only_pca
GGATGAATCAATCTCT-1,2515,7.830425617820331,5122.0,8.541495,21.90550566185084,28.44591956267083,37.3291682936353,53.24092151503319,600.0,6.398595,11.714174,1.0,True,22465,0.22258365920337753,0.0,13.995215311004783,NTC,T cell,ENCSR923FKN,NTC,NTC,0.0,GGATGAATCAATCTCT-1,control,control,SMARCA4 KO,SMARCA4_KO,rna_only_pca,rna_only_pca__eps0p001__taua1__taub1,test,moscot_barycentric_source_to_target,rna_only_pca
GGATTATGTCCAAGAC-1,4549,8.422882511944996,16225.0,9.69437,30.08320493066256,35.72265023112481,43.10015408320493,56.036979969183356,2280.0,7.7323694,14.052388,1.0,True,43524,0.22153460919334644,0.0,11.781708072396944,NTC,T cell,ENCSR923FKN,NTC,NTC,0.0,GGATTATGTCCAAGAC-1,control,control,SMARCA4 KO,SMARCA4_KO,rna_only_pca,rna_only_pca__eps0p001__taua1__taub1,test,moscot_barycentric_source_to_target,rna_only_pca
GGCCTTAAGATAGACG-1,4447,8.400209835930418,13085.0,9.479299,22.95758502101643,28.131448223156287,35.29996178830722,49.2166602980512,1690.0,7.4330754,12.915552,1.0,True,40636,0.21981376595948932,0.0,11.499272197962156,NTC,T cell,ENCSR923FKN,NTC,NTC,0.0,GGCCTTAAGATAGACG-1,control,control,SMARCA4 KO,SMARCA4_KO,rna_only_pca,rna_only_pca__eps0p001__taua1__taub1,test,moscot_barycentric_source_to_target,rna_only_pca
GGCCTTCGTCATTGTC-1,4175,8.337109129562474,13283.0,9.494315,24.904012647745237,31.14507264925092,39.47150493111496,53.94865617706843,1543.0,7.3421316,11.616351,1.0,True,16903,0.22922936616507072,0.0,11.074023169055566,NTC,T cell,ENCSR923FKN,NTC,NTC,0.0,GGCCTTCGTCATTGTC-1,control,control,SMARCA4 KO,SMARCA4_KO,rna_only_pca,rna_only_pca__eps0p001__taua1__taub1,test,moscot_barycentric_source_to_target,rna_only_pca
GGCGGTAAGGCCATCA-1,2591,7.860185057472165,5340.0,8.583168,21.70411985018727,28.10861423220974,36.92883895131086,52.977528089887635,628.0,6.4441314,11.7603,1.0,True,16168,0.2329443021159503,0.0,16.113228089275996,NTC,T cell,ENCSR923FKN,NTC,NTC,0.0,GGCGGTAAGGCCATCA-1,control,control,SMARCA4 KO,SMARCA4_KO,rna_only_pca,rna_only_pca__eps0p001__taua1__taub1,test,moscot_barycentric_source_to_target,rna_only_pca
GGCTCAATCTCCATGC-1,3700,8.216358332386156,12402.0,9.4256935,31.36590872439929,37.63909046927915,46.057087566521524,59.86131269150137,2051.0,7.62657,16.537657,1.0,True,36782,0.23186801712436045,0.0,9.311443273707425,NTC,T cell,ENCSR923FKN,NTC,NTC,0.0,GGCTCAATCTCCATGC-1,control,control,SMARCA4 KO,SMARCA4_KO,rna_only_pca,rna_only_pca__eps0p001__taua1__taub1,test,moscot_barycentric_source_to_target,rna_only_pca
GGCTGTCAGCTGTACG-1,2612,7.868254265520612,6072.0,8.711608,27.33860342555995,34.090909090909086,42.78656126482213,58.31686429512516,811.0,6.6995006,13.356391,1.0,True,15276,0.22148608704515338,0.0,13.86861313868613,NTC,T cell,ENCSR923FKN,NTC,NTC,0.0,GGCTGTCAGCTGTACG-1,control,control,SMARCA4 KO,SMARCA4_KO,rna_only_pca,rna_only_pca__eps0p001__taua1__taub1,test,moscot_barycentric_source_to_target,rna_only_pca
GGGCCTAGTCCCGGAA-1,2703,7.902487437162854,6066.0,8.71062,28.750412133201454,34.25651170458292,42.10352786020442,56.82492581602374,989.0,6.897705,16.30399,1.0,True,28499,0.22479123031308657,0.0,14.809528057810688,NTC,T cell,ENCSR923FKN,NTC,NTC,0.0,GGGCCTAGTCCCGGAA-1,control,control,SMARCA4 KO,SMARCA4_KO,rna_only_pca,rna_only_pca__eps0p001__taua1__taub1,test,moscot_barycentric_source_to_target,rna_only_pca
GGTACAAAGTAACCCG-1,2077,7.639161171659173,3833.0,8.251664,26.4022958518132,31.959300808765978,40.07304983042004,56.56144012522828,576.0,6.3578424,15.027393,1.0,True,13475,0.22249148923893602,0.0,18.46011131725417,NTC,T cell,ENCSR923FKN,NTC,NTC,0.0,GGTACAAAGTAACCCG-1,control,control,SMARCA4 KO,SMARCA4_KO,rna_only_pca,rna_only_pca__eps0p001__taua1__taub1,test,moscot_barycentric_source_to_target,rna_only_pca
GGTCTTGAGACAAACG-1,2096,7.648263030901919,4993.0,8.515992,36.531143601041464,42.679751652313236,50.310434608451835,64.61045463649108,1116.0,7.0184016,22.351292,1.0,True,22660,0.21843203531887012,0.0,9.900532037936618,NTC,T cell,ENCSR923FKN,NTC,NTC,0.0,GGTCTTGAGACAAACG-1,control,control,SMARCA4 KO,SMARCA4_KO,rna_only_pca,rna_only_pca__eps0p001__taua1__taub1,test,moscot_barycentric_source_to_target,rna_only_pca
GGTGAGCCAAGGCCAA-1,2096,7.648263030901919,4105.0,8.320205,29.695493300852622,35.59074299634592,43.702801461632156,59.65895249695493,841.0,6.7357802,20.48721,1.0,True,16263,0.23435808106962952,0.0,13.19135410044501,NTC,T cell,ENCSR923FKN,NTC,NTC,0.0,GGTGAGCCAAGGCCAA-1,control,control,SMARCA4 KO,SMARCA4_KO,rna_only_pca,rna_only_pca__eps0p001__taua1__taub1,test,moscot_barycentric_source_to_target,rna_only_pca
GGTTAATGTTGCCTCA-1,2950,7.989899374942939,6805.0,8.82556,27.08302718589273,32.667156502571636,40.235121234386476,55.062454077883906,1022.0,6.930495,15.01837,1.0,True,9016,0.23143807007075268,0.0,20.101306318315114,NTC,T cell,ENCSR923FKN,NTC,NTC,0.0,GGTTAATGTTGCCTCA-1,control,control,SMARCA4 KO,SMARCA4_KO,rna_only_pca,rna_only_pca__eps0p001__taua1__taub1,test,moscot_barycentric_source_to_target,rna_only_pca
GGTTGCGGTCAGGAAG-1,2266,7.726212650507529,4353.0,8.37885,26.326671261199174,32.184700206753966,39.9724328049621,55.31817137606249,688.0,6.535241,15.805192,1.0,True,28261,0.22703900224276574,0.0,16.297226958628737,NTC,T cell,ENCSR923FKN,NTC,NTC,0.0,GGTTGCGGTCAGGAAG-1,control,control,SMARCA4 KO,SMARCA4_KO,rna_only_pca,rna_only_pca__eps0p001__taua1__taub1,test,moscot_barycentric_source_to_target,rna_only_pca
GGTTTCCTCAACCAAC-1,3511,8.163940954755008,10624.0,9.270965,25.84713855421687,33.03840361445783,41.98983433734939,56.53237951807228,1295.0,7.167038,12.189383,1.0,True,19111,0.221071938047687,0.0,13.088632806942666,NTC,T cell,ENCSR923FKN,NTC,NTC,0.0,GGTTTCCTCAACCAAC-1,control,control,SMARCA4 KO,SMARCA4_KO,rna_only_pca,rna_only_pca__eps0p001__taua1__taub1,test,moscot_barycentric_source_to_target,rna_only_pca
GGTTTGTAGGAACGCG-1,3292,8.099554282376364,8863.0,9.089753,28.78257926210087,34.75121290759336,42.61536725713641,56.63996389484374,1426.0,7.2633295,16.089361,1.0,True,9123,0.2272573267829917,0.0,16.628922678744743,NTC,T cell,ENCSR923FKN,NTC,NTC,0.0,GGTTTGTAGGAACGCG-1,control,control,SMARCA4 KO,SMARCA4_KO,rna_only_pca,rna_only_pca__eps0p001__taua1__taub1,test,moscot_barycentric_source_to_target,rna_only_pca
GTAAGGTCACGAACAG-1,1173,7.068172000388041,2044.0,7.623153,33.31702544031312,39.8238747553816,49.608610567514674,67.07436399217221,481.0,6.177944,23.53229,1.0,True,13337,0.22818287037037033,0.0,16.23847167325428,NTC,T cell,ENCSR923FKN,NTC,NTC,0.0,GTAAGGTCACGAACAG-1,control,control,SMARCA4 KO,SMARCA4_KO,rna_only_pca,rna_only_pca__eps0p001__taua1__taub1,test,moscot_barycentric_source_to_target,rna_only_pca
GTACCGGGTTCCTGTG-1,3938,8.278682162970906,11498.0,9.350016,25.404418159679942,31.30109584275526,38.85023482344756,53.03531048878066,1584.0,7.3683395,13.776308,1.0,True,6798,0.22361809045226133,0.0,14.14141414141414,NTC,T cell,ENCSR923FKN,NTC,NTC,0.0,GTACCGGGTTCCTGTG-1,control,control,SMARCA4 KO,SMARCA4_KO,rna_only_pca,rna_only_pca__eps0p001__taua1__taub1,test,moscot_barycentric_source_to_target,rna_only_pca
GTACCTTGTATTCGCT-1,3448,8.145839612936841,9285.0,9.136263,22.229402261712437,28.896068928379105,37.83521809369951,53.257942918686055,874.0,6.774224,9.413032,1.0,True,22138,0.22412645007535137,0.0,13.766233766233766,NTC,T cell,ENCSR923FKN,NTC,NTC,0.0,GTACCTTGTATTCGCT-1,control,control,SMARCA4 KO,SMARCA4_KO,rna_only_pca,rna_only_pca__eps0p001__taua1__taub1,test,moscot_barycentric_source_to_target,rna_only_pca
GTACGTAGTTTGGTTC-1,4060,8.309184527686298,11731.0,9.370075,26.042110647003664,31.88134003921234,39.46807603784844,52.89404142869321,1854.0,7.52564,15.804279,1.0,True,40959,0.2272761574161416,0.0,10.708725377377649,NTC,T cell,ENCSR923FKN,NTC,NTC,0.0,GTACGTAGTTTGGTTC-1,control,control,SMARCA4 KO,SMARCA4_KO,rna_only_pca,rna_only_pca__eps0p001__taua1__taub1,test,moscot_barycentric_source_to_target,rna_only_pca
GTAGCGCTCGTTACAA-1,2432,7.796880342783522,6183.0,8.729721,36.60035581432962,42.18017143781336,49.70079249555232,63.80397865114023,1312.0,7.18007,21.219473,1.0,True,26429,0.2153142721415635,0.0,10.513624306727754,NTC,T cell,ENCSR923FKN,NTC,NTC,0.0,GTAGCGCTCGTTACAA-1,control,control,SMARCA4 KO,SMARCA4_KO,rna_only_pca,rna_only_pca__eps0p001__taua1__taub1,test,moscot_barycentric_source_to_target,rna_only_pca
GTCATCACATTCCTGT-1,2222,7.706612913964197,4034.0,8.302762,20.35200793257313,26.10312345066931,34.80416460089241,52.20624690133862,475.0,6.1654177,11.774913,1.0,True,16092,0.2181897682553564,0.0,15.060034305317323,NTC,T cell,ENCSR923FKN,NTC,NTC,0.0,GTCATCACATTCCTGT-1,control,control,SMARCA4 KO,SMARCA4_KO,rna_only_pca,rna_only_pca__eps0p001__taua1__taub1,test,moscot_barycentric_source_to_target,rna_only_pca
GTCATGCCAGCTAACC-1,1563,7.355001921105256,2937.0,7.9854846,28.32822608103507,35.68266939053456,45.62478719782091,63.806605379639095,471.0,6.156979,16.036774,1.0,True,5884,0.23673628226747956,0.0,20.390824129141883,NTC,T cell,ENCSR923FKN,NTC,NTC,0.0,GTCATGCCAGCTAACC-1,control,control,SMARCA4 KO,SMARCA4_KO,rna_only_pca,rna_only_pca__eps0p001__taua1__taub1,test,moscot_barycentric_source_to_target,rna_only_pca
GTCCAGGGTCATTACC-1,3047,8.022240916806537,7204.0,8.88253,25.485841199333702,31.163242642976126,38.85341476957246,53.5258189894503,979.0,6.8875527,13.589673,1.0,True,26426,0.223175965665236,0.0,15.138253431470066,NTC,T cell,ENCSR923FKN,NTC,NTC,0.0,GTCCAGGGTCATTACC-1,control,control,SMARCA4 KO,SMARCA4_KO,rna_only_pca,rna_only_pca__eps0p001__taua1__taub1,test,moscot_barycentric_source_to_target,rna_only_pca
GTCCTCAGTTAGCTGA-1,3213,8.075271546297458,7490.0,8.921457,25.246995994659542,30.787716955941253,38.41121495327103,52.71028037383177,1028.0,6.9363427,13.724966,1.0,True,31758,0.22694189528005648,0.0,12.863005050505052,NTC,T cell,ENCSR923FKN,NTC,NTC,0.0,GTCCTCAGTTAGCTGA-1,control,control,SMARCA4 KO,SMARCA4_KO,rna_only_pca,rna_only_pca__eps0p001__taua1__taub1,test,moscot_barycentric_source_to_target,rna_only_pca
GTCCTCCCAAGGGTTG-1,1817,7.505492274737424,3052.0,8.02388,21.62516382699869,27.457404980340762,36.8610747051114,56.52031454783748,393.0,5.976351,12.876802,1.0,True,18291,0.24392361111111116,0.0,16.706111652512877,NTC,T cell,ENCSR923FKN,NTC,NTC,0.0,GTCCTCCCAAGGGTTG-1,control,control,SMARCA4 KO,SMARCA4_KO,rna_only_pca,rna_only_pca__eps0p001__taua1__taub1,test,moscot_barycentric_source_to_target,rna_only_pca
GTCTAATCACTGGCTG-1,3762,8.232971790593437,11293.0,9.3320265,29.52271318515895,35.55299743203755,43.23031966705039,56.486318958646955,1371.0,7.224025,12.140264,1.0,True,18309,0.22544208477874605,0.0,11.897160141152746,NTC,T cell,ENCSR923FKN,NTC,NTC,0.0,GTCTAATCACTGGCTG-1,control,control,SMARCA4 KO,SMARCA4_KO,rna_only_pca,rna_only_pca__eps0p001__taua1__taub1,test,moscot_barycentric_source_to_target,rna_only_pca
GTCTATGCACTGGCTG-1,3081,8.033334015880062,8007.0,8.988196,27.750718121643565,34.4698388909704,42.637692019482955,57.12501561134008,1038.0,6.946014,12.963657,1.0,True,24266,0.22477796945882056,0.0,11.595677050222504,NTC,T cell,ENCSR923FKN,NTC,NTC,0.0,GTCTATGCACTGGCTG-1,control,control,SMARCA4 KO,SMARCA4_KO,rna_only_pca,rna_only_pca__eps0p001__taua1__taub1,test,moscot_barycentric_source_to_target,rna_only_pca
GTCTTTAGTTCCAGGG-1,2321,7.7501841622578365,4411.0,8.392083,22.058490138290637,28.360915892087963,36.590342326003174,53.162548175017,544.0,6.300786,12.332805,1.0,True,15390,0.2319209462494385,0.0,12.394127611518915,NTC,T cell,ENCSR923FKN,NTC,NTC,0.0,GTCTTTAGTTCCAGGG-1,control,control,SMARCA4 KO,SMARCA4_KO,rna_only_pca,rna_only_pca__eps0p001__taua1__taub1,test,moscot_barycentric_source_to_target,rna_only_pca
GTGATGAAGGACCAGG-1,3331,8.111328003286733,9992.0,9.2096405,29.233386709367494,35.998799039231386,44.435548438751,58.5968775020016,1465.0,7.2902927,14.66173,1.0,True,2775,0.2280945757997218,0.0,9.011857707509883,NTC,T cell,ENCSR923FKN,NTC,NTC,0.0,GTGATGAAGGACCAGG-1,control,control,SMARCA4 KO,SMARCA4_KO,rna_only_pca,rna_only_pca__eps0p001__taua1__taub1,test,moscot_barycentric_source_to_target,rna_only_pca
GTGCTCCGTAAGGTTT-1,2591,7.860185057472165,5238.0,8.563886,22.24131347842688,28.4077892325315,36.884306987399775,52.5582283314242,667.0,6.504288,12.733868,1.0,True,5366,0.22456647398843932,0.0,16.09538002980626,NTC,T cell,ENCSR923FKN,NTC,NTC,0.0,GTGCTCCGTAAGGTTT-1,control,control,SMARCA4 KO,SMARCA4_KO,rna_only_pca,rna_only_pca__eps0p001__taua1__taub1,test,moscot_barycentric_source_to_target,rna_only_pca
GTGTCCAAGCTGTCAG-1,3088,8.035602692918582,7093.0,8.867004,23.079092062596924,29.099111800366558,37.38897504581982,52.65754969688425,923.0,6.828712,13.01283,1.0,True,16963,0.2050705281409626,0.0,16.63378357869176,NTC,T cell,ENCSR923FKN,NTC,NTC,0.0,GTGTCCAAGCTGTCAG-1,control,control,SMARCA4 KO,SMARCA4_KO,rna_only_pca,rna_only_pca__eps0p001__taua1__taub1,test,moscot_barycentric_source_to_target,rna_only_pca
GTGTGTTAGTAATCCA-1,1792,7.491645473605133,3399.0,8.131531,28.773168578993825,35.06913798175934,44.07178581935863,61.90055898793763,625.0,6.4393506,18.387762,1.0,True,13730,0.225475263722006,0.0,17.38553417385534,NTC,T cell,ENCSR923FKN,NTC,NTC,0.0,GTGTGTTAGTAATCCA-1,control,control,SMARCA4 KO,SMARCA4_KO,rna_only_pca,rna_only_pca__eps0p001__taua1__taub1,test,moscot_barycentric_source_to_target,rna_only_pca
GTGTTCCTCCCATAGG-1,2153,7.675081857716334,4016.0,8.29829,26.917330677290835,32.84362549800797,40.76195219123506,56.29980079681275,670.0,6.508769,16.683268,1.0,True,21627,0.21370659880021814,0.0,13.223140495867769,NTC,T cell,ENCSR923FKN,NTC,NTC,0.0,GTGTTCCTCCCATAGG-1,control,control,SMARCA4 KO,SMARCA4_KO,rna_only_pca,rna_only_pca__eps0p001__taua1__taub1,test,moscot_barycentric_source_to_target,rna_only_pca
GTTAAGCTCATGCTCC-1,1853,7.5251007461258,3568.0,8.18004,28.22309417040359,34.24887892376682,43.27354260089686,61.40695067264574,610.0,6.4150968,17.096413,1.0,True,16094,0.21828249465708183,0.0,16.25801584307808,NTC,T cell,ENCSR923FKN,NTC,NTC,0.0,GTTAAGCTCATGCTCC-1,control,control,SMARCA4 KO,SMARCA4_KO,rna_only_pca,rna_only_pca__eps0p001__taua1__taub1,test,moscot_barycentric_source_to_target,rna_only_pca
GTTAGGCGTCAAACTG-1,2708,7.9043348420850945,6654.0,8.803123,34.415389239555154,40.1863540727382,47.55034565674782,60.79050195371205,1365.0,7.219642,20.513977,1.0,True,2312,0.21573948439620083,0.0,12.12121212121212,NTC,T cell,ENCSR923FKN,NTC,NTC,0.0,GTTAGGCGTCAAACTG-1,control,control,SMARCA4 KO,SMARCA4_KO,rna_only_pca,rna_only_pca__eps0p001__taua1__taub1,test,moscot_barycentric_source_to_target,rna_only_pca
GTTAGGCGTGCTGGTG-1,2399,7.783224016336037,5518.0,8.615952,31.859369336716203,37.5498368974266,45.66872055092425,60.25733961580283,955.0,6.862758,17.306995,1.0,True,8480,0.22073148318323843,0.0,13.866289352670673,NTC,T cell,ENCSR923FKN,NTC,NTC,0.0,GTTAGGCGTGCTGGTG-1,control,control,SMARCA4 KO,SMARCA4_KO,rna_only_pca,rna_only_pca__eps0p001__taua1__taub1,test,moscot_barycentric_source_to_target,rna_only_pca
GTTTAGCAGGAAGTAT-1,1563,7.355001921105256,3583.0,8.184235,37.56628523583589,44.515768908735694,53.977114150153504,70.33212391850404,901.0,6.8046145,25.146526,1.0,True,7132,0.22241604884430877,0.0,12.149935372684189,NTC,T cell,ENCSR923FKN,NTC,NTC,0.0,GTTTAGCAGGAAGTAT-1,control,control,SMARCA4 KO,SMARCA4_KO,rna_only_pca,rna_only_pca__eps0p001__taua1__taub1,test,moscot_barycentric_source_to_target,rna_only_pca
GTTTCAGCATCCTAGA-1,3299,8.101677747454572,9135.0,9.119978,29.107827038861522,35.20525451559934,43.065134099616856,57.515051997810616,1158.0,7.0553126,12.676519,1.0,True,24404,0.22359378976838895,0.0,11.86297058467498,NTC,T cell,ENCSR923FKN,NTC,NTC,0.0,GTTTCAGCATCCTAGA-1,control,control,SMARCA4 KO,SMARCA4_KO,rna_only_pca,rna_only_pca__eps0p001__taua1__taub1,test,moscot_barycentric_source_to_target,rna_only_pca
TAACCAGGTAACGGGA-1,3810,8.24564690087386,10276.0,9.237663,27.510704554301284,33.17438692098092,40.521603736862595,53.980147917477616,1725.0,7.453562,16.786688,1.0,True,40455,0.21627695228501131,0.0,15.153671950824977,NTC,T cell,ENCSR923FKN,NTC,NTC,0.0,TAACCAGGTAACGGGA-1,control,control,SMARCA4 KO,SMARCA4_KO,rna_only_pca,rna_only_pca__eps0p001__taua1__taub1,test,moscot_barycentric_source_to_target,rna_only_pca
TAAGCTATCACCGGTA-1,2316,7.748028524432376,4910.0,8.499233,26.354378818737274,32.95315682281059,41.670061099796335,57.08757637474542,670.0,6.508769,13.64562,1.0,True,16112,0.2216049084496836,0.0,14.659313289450274,NTC,T cell,ENCSR923FKN,NTC,NTC,0.0,TAAGCTATCACCGGTA-1,control,control,SMARCA4 KO,SMARCA4_KO,rna_only_pca,rna_only_pca__eps0p001__taua1__taub1,test,moscot_barycentric_source_to_target,rna_only_pca
TAATGCATCTGGCTTC-1,3917,8.273336598504486,12323.0,9.419304,30.073845654467256,36.168140874786985,44.02337093240282,57.15329059482269,1957.0,7.579679,15.880874,1.0,True,1001,0.2099447513812155,0.0,14.700193423597678,NTC,T cell,ENCSR923FKN,NTC,NTC,0.0,TAATGCATCTGGCTTC-1,control,control,SMARCA4 KO,SMARCA4_KO,rna_only_pca,rna_only_pca__eps0p001__taua1__taub1,test,moscot_barycentric_source_to_target,rna_only_pca
TACAAGCTCTTGCAGG-1,2167,7.681560362559536,4021.0,8.299535,24.471524496393933,30.31584183039045,38.59736383984084,55.135538423277794,556.0,6.322565,13.827406,1.0,True,14383,0.2192911035119145,0.0,16.666666666666664,NTC,T cell,ENCSR923FKN,NTC,NTC,0.0,TACAAGCTCTTGCAGG-1,control,control,SMARCA4 KO,SMARCA4_KO,rna_only_pca,rna_only_pca__eps0p001__taua1__taub1,test,moscot_barycentric_source_to_target,rna_only_pca
TACAGGTTCAAGCTTA-1,2422,7.792761720816525,4952.0,8.507749,24.474959612277868,30.997576736672052,39.78190630048466,55.25040387722132,670.0,6.508769,13.529886,1.0,True,2832,0.22133626615342317,0.0,12.987012987012989,NTC,T cell,ENCSR923FKN,NTC,NTC,0.0,TACAGGTTCAAGCTTA-1,control,control,SMARCA4 KO,SMARCA4_KO,rna_only_pca,rna_only_pca__eps0p001__taua1__taub1,test,moscot_barycentric_source_to_target,rna_only_pca
TACATCAAGGCATGTT-1,2544,7.841885928984623,4923.0,8.501877,22.283160674385538,28.031687995124926,36.05525086329474,51.635181799715625,592.0,6.3851943,12.0251875,1.0,True,23981,0.22376513238816598,0.0,13.547237076648841,NTC,T cell,ENCSR923FKN,NTC,NTC,0.0,TACATCAAGGCATGTT-1,control,control,SMARCA4 KO,SMARCA4_KO,rna_only_pca,rna_only_pca__eps0p001__taua1__taub1,test,moscot_barycentric_source_to_target,rna_only_pca
TACGGATTCCTTTACG-1,3180,8.064950891749143,7678.0,8.946244,22.063037249283667,28.301641052357386,36.81948424068768,52.09690023443605,790.0,6.673298,10.289138,1.0,True,28364,0.22875710362454793,0.0,14.443664443664444,NTC,T cell,ENCSR923FKN,NTC,NTC,0.0,TACGGATTCCTTTACG-1,control,control,SMARCA4 KO,SMARCA4_KO,rna_only_pca,rna_only_pca__eps0p001__taua1__taub1,test,moscot_barycentric_source_to_target,rna_only_pca
TAGCCGGGTTCCGGCT-1,3638,8.19946419761216,9886.0,9.1989765,24.994942342706857,31.084361723649607,38.51911794456807,52.842403398745695,1448.0,7.278629,14.6469755,1.0,True,9888,0.2169781438074121,0.0,14.649081488459727,NTC,T cell,ENCSR923FKN,NTC,NTC,0.0,TAGCCGGGTTCCGGCT-1,control,control,SMARCA4 KO,SMARCA4_KO,rna_only_pca,rna_only_pca__eps0p001__taua1__taub1,test,moscot_barycentric_source_to_target,rna_only_pca
TAGCCTCTCAGGCCTA-1,1516,7.324489979348532,2647.0,7.88156,25.76501700037779,32.565168114847,42.50094446543257,61.61692482055157,388.0,5.963579,14.658104,1.0,True,8689,0.2281247223949543,0.0,15.25366019748042,NTC,T cell,ENCSR923FKN,NTC,NTC,0.0,TAGCCTCTCAGGCCTA-1,control,control,SMARCA4 KO,SMARCA4_KO,rna_only_pca,rna_only_pca__eps0p001__taua1__taub1,test,moscot_barycentric_source_to_target,rna_only_pca
TAGCCTCTCATAACGC-1,2657,7.88532923927319,5844.0,8.673342,26.026694045174537,32.08418891170432,40.10951403148528,55.66392881587954,826.0,6.717805,14.134155,1.0,True,1298,0.2246117084826762,0.0,11.038961038961038,NTC,T cell,ENCSR923FKN,NTC,NTC,0.0,TAGCCTCTCATAACGC-1,control,control,SMARCA4 KO,SMARCA4_KO,rna_only_pca,rna_only_pca__eps0p001__taua1__taub1,test,moscot_barycentric_source_to_target,rna_only_pca
TAGGTTATCGGTCAGC-1,2908,7.975564658495202,6128.0,8.720787,21.475195822454307,27.757832898172325,35.98237597911227,52.05613577023499,685.0,6.5308776,11.178199,1.0,True,30152,0.22166292366865437,0.0,15.98594642072903,NTC,T cell,ENCSR923FKN,NTC,NTC,0.0,TAGGTTATCGGTCAGC-1,control,control,SMARCA4 KO,SMARCA4_KO,rna_only_pca,rna_only_pca__eps0p001__taua1__taub1,test,moscot_barycentric_source_to_target,rna_only_pca
TAGTCAATCTAACCTT-1,2736,7.914617709040678,6501.0,8.779865,28.534071681279805,34.50238424857714,42.34733117981849,57.39117058914013,1258.0,7.138073,19.350868,1.0,True,27031,0.2211881986861819,0.0,15.573770491803279,NTC,T cell,ENCSR923FKN,NTC,NTC,0.0,TAGTCAATCTAACCTT-1,control,control,SMARCA4 KO,SMARCA4_KO,rna_only_pca,rna_only_pca__eps0p001__taua1__taub1,test,moscot_barycentric_source_to_target,rna_only_pca
TATCGCACAACAGCCT-1,1254,7.134890851565884,2502.0,7.8252454,36.490807354116704,43.60511590727418,53.11750599520384,69.86410871302957,389.0,5.966147,15.547562,1.0,True,53759,0.21900514280733363,0.0,18.868487834005077,NTC,T cell,ENCSR923FKN,NTC,NTC,0.0,TATCGCACAACAGCCT-1,control,control,SMARCA4 KO,SMARCA4_KO,rna_only_pca,rna_only_pca__eps0p001__taua1__taub1,test,moscot_barycentric_source_to_target,rna_only_pca
TATGACTCAGGTTATT-1,2525,7.8343923029104365,5267.0,8.5694065,23.903550408202012,30.263907347636227,38.56085057907727,54.167457755838235,670.0,6.508769,12.720715,1.0,True,20278,0.2229460453709381,0.0,14.453394706559264,NTC,T cell,ENCSR923FKN,NTC,NTC,0.0,TATGACTCAGGTTATT-1,control,control,SMARCA4 KO,SMARCA4_KO,rna_only_pca,rna_only_pca__eps0p001__taua1__taub1,test,moscot_barycentric_source_to_target,rna_only_pca
TATGGCCCAAGCTAAA-1,3778,8.237214703349489,10142.0,9.224539,24.847170183395782,30.920922894892527,38.631433642279625,52.780516663380006,1006.0,6.914731,9.9191475,1.0,True,29739,0.2358548743512,0.0,13.219574384622929,NTC,T cell,ENCSR923FKN,NTC,NTC,0.0,TATGGCCCAAGCTAAA-1,control,control,SMARCA4 KO,SMARCA4_KO,rna_only_pca,rna_only_pca__eps0p001__taua1__taub1,test,moscot_barycentric_source_to_target,rna_only_pca
TCAAGTATCTGTGCCT-1,2989,8.003028666384733,6877.0,8.836083,23.222335320633995,29.547767922059037,37.938054384179146,53.24996364693907,797.0,6.6821084,11.589355,1.0,True,22385,0.2295115822806595,0.0,15.659090909090908,NTC,T cell,ENCSR923FKN,NTC,NTC,0.0,TCAAGTATCTGTGCCT-1,control,control,SMARCA4 KO,SMARCA4_KO,rna_only_pca,rna_only_pca__eps0p001__taua1__taub1,test,moscot_barycentric_source_to_target,rna_only_pca
TCATAACCAACACTTG-1,2382,7.776115477098742,4967.0,8.510773,24.86410308033018,31.4072881014697,40.144956714314475,55.62713911817999,716.0,6.5750756,14.41514,1.0,True,17577,0.22493165182114827,0.0,15.140250084488002,NTC,T cell,ENCSR923FKN,NTC,NTC,0.0,TCATAACCAACACTTG-1,control,control,SMARCA4 KO,SMARCA4_KO,rna_only_pca,rna_only_pca__eps0p001__taua1__taub1,test,moscot_barycentric_source_to_target,rna_only_pca
TCATGAGGTCGTTACT-1,2297,7.739794458408701,4620.0,8.438367,25.216450216450216,31.363636363636367,39.913419913419915,55.541125541125545,648.0,6.475433,14.025974,1.0,True,25618,0.2313831383138314,0.0,14.235224818378166,NTC,T cell,ENCSR923FKN,NTC,NTC,0.0,TCATGAGGTCGTTACT-1,control,control,SMARCA4 KO,SMARCA4_KO,rna_only_pca,rna_only_pca__eps0p001__taua1__taub1,test,moscot_barycentric_source_to_target,rna_only_pca
TCATTACTCCCATAAA-1,3879,8.263590432617319,12928.0,9.467228,26.51608910891089,33.87221534653465,42.53558168316832,56.89201732673267,1480.0,7.3004727,11.44802,1.0,True,19734,0.22459724950884086,0.0,11.215849177184854,NTC,T cell,ENCSR923FKN,NTC,NTC,0.0,TCATTACTCCCATAAA-1,control,control,SMARCA4 KO,SMARCA4_KO,rna_only_pca,rna_only_pca__eps0p001__taua1__taub1,test,moscot_barycentric_source_to_target,rna_only_pca
TCATTTGGTGAAGCCT-1,2648,7.88193748927207,5132.0,8.543446,20.557287607170693,26.831644583008575,35.307872174590806,50.87685113016368,494.0,6.204558,9.625876,1.0,True,34578,0.23132669393562155,0.0,12.170445314230856,NTC,T cell,ENCSR923FKN,NTC,NTC,0.0,TCATTTGGTGAAGCCT-1,control,control,SMARCA4 KO,SMARCA4_KO,rna_only_pca,rna_only_pca__eps0p001__taua1__taub1,test,moscot_barycentric_source_to_target,rna_only_pca
TCATTTGGTGTTCCCA-1,2081,7.641084249174914,3998.0,8.293799,21.785892946473236,29.314657328664335,38.21910955477739,55.652826413206604,387.0,5.961005,9.67984,1.0,True,10077,0.2231130984503893,0.0,20.10921940250562,NTC,T cell,ENCSR923FKN,NTC,NTC,0.0,TCATTTGGTGTTCCCA-1,control,control,SMARCA4 KO,SMARCA4_KO,rna_only_pca,rna_only_pca__eps0p001__taua1__taub1,test,moscot_barycentric_source_to_target,rna_only_pca
TCCATTGTCATTAGGC-1,4122,8.324336332706899,11677.0,9.365462,22.32593988181896,27.841055065513405,35.48000342553738,49.68741971396763,1212.0,7.100852,10.379378,1.0,True,31791,0.23842947489459565,0.0,15.678149011482345,NTC,T cell,ENCSR923FKN,NTC,NTC,0.0,TCCATTGTCATTAGGC-1,control,control,SMARCA4 KO,SMARCA4_KO,rna_only_pca,rna_only_pca__eps0p001__taua1__taub1,test,moscot_barycentric_source_to_target,rna_only_pca
TCCCGGACAGCAAGAT-1,2793,7.935229539816907,5886.0,8.680502,24.634726469588855,30.22426095820591,37.83554196398234,52.78627251104315,824.0,6.7153835,13.999321,1.0,True,16079,0.23961978624799019,0.0,15.75984990619137,NTC,T cell,ENCSR923FKN,NTC,NTC,0.0,TCCCGGACAGCAAGAT-1,control,control,SMARCA4 KO,SMARCA4_KO,rna_only_pca,rna_only_pca__eps0p001__taua1__taub1,test,moscot_barycentric_source_to_target,rna_only_pca
TCCGGAATCTAATTGG-1,4135,8.327484416188264,12089.0,9.400134,27.851766068326576,32.7653238481264,39.440813963106955,52.543634709239804,1830.0,7.5126176,15.137729,1.0,True,29666,0.2225279765180701,0.0,10.167736591426797,NTC,T cell,ENCSR923FKN,NTC,NTC,0.0,TCCGGAATCTAATTGG-1,control,control,SMARCA4 KO,SMARCA4_KO,rna_only_pca,rna_only_pca__eps0p001__taua1__taub1,test,moscot_barycentric_source_to_target,rna_only_pca
TCTATGTTCCACCCTG-1,3341,8.114324709155339,9413.0,9.149953,30.723467544884738,36.33273132901307,43.694890045681504,57.463082970360134,1540.0,7.340187,16.360353,1.0,True,21983,0.22436666431444496,0.0,12.552301255230125,NTC,T cell,ENCSR923FKN,NTC,NTC,0.0,TCTATGTTCCACCCTG-1,control,control,SMARCA4 KO,SMARCA4_KO,rna_only_pca,rna_only_pca__eps0p001__taua1__taub1,test,moscot_barycentric_source_to_target,rna_only_pca
TGACCAAGTAGGTTTG-1,2941,7.9868449011613825,6339.0,8.754634,21.501814166272283,27.11784193090393,35.2263764000631,50.90708313614135,654.0,6.4846354,10.317085,1.0,True,22735,0.22714756773294353,0.0,17.045454545454547,NTC,T cell,ENCSR923FKN,NTC,NTC,0.0,TGACCAAGTAGGTTTG-1,control,control,SMARCA4 KO,SMARCA4_KO,rna_only_pca,rna_only_pca__eps0p001__taua1__taub1,test,moscot_barycentric_source_to_target,rna_only_pca
TGACCTTGTTCCGCAC-1,4286,8.363342466597977,13467.0,9.508072,25.811242295982773,31.684859285661247,39.29605702829138,52.72146729041361,1672.0,7.422374,12.415534,1.0,True,35211,0.22030558015943313,0.0,13.396242311904963,NTC,T cell,ENCSR923FKN,NTC,NTC,0.0,TGACCTTGTTCCGCAC-1,control,control,SMARCA4 KO,SMARCA4_KO,rna_only_pca,rna_only_pca__eps0p001__taua1__taub1,test,moscot_barycentric_source_to_target,rna_only_pca
TGACTTAAGGGCCACT-1,2703,7.902487437162854,6846.0,8.831566,27.914110429447852,35.11539585159217,43.85042360502483,59.05638328951213,968.0,6.8762646,14.139644,1.0,True,20593,0.22205432359941069,0.0,12.657459402033691,NTC,T cell,ENCSR923FKN,NTC,NTC,0.0,TGACTTAAGGGCCACT-1,control,control,SMARCA4 KO,SMARCA4_KO,rna_only_pca,rna_only_pca__eps0p001__taua1__taub1,test,moscot_barycentric_source_to_target,rna_only_pca
TGAGCTTAGTCTGGGC-1,3292,8.099554282376364,7513.0,8.924523,24.876880074537468,30.34739784373752,37.88100625582324,51.936643151870086,1192.0,7.0842266,15.865832,1.0,True,11874,0.2267014001953761,0.0,13.213102686786895,NTC,T cell,ENCSR923FKN,NTC,NTC,0.0,TGAGCTTAGTCTGGGC-1,control,control,SMARCA4 KO,SMARCA4_KO,rna_only_pca,rna_only_pca__eps0p001__taua1__taub1,test,moscot_barycentric_source_to_target,rna_only_pca
TGCTAACAGGGCTTAT-1,3918,8.27359179819963,13215.0,9.489183,27.998486568293607,34.74839197881195,43.22360953461975,57.601210745365115,1889.0,7.544332,14.294362,1.0,True,36658,0.23144013250309248,0.0,8.370436331255567,NTC,T cell,ENCSR923FKN,NTC,NTC,0.0,TGCTAACAGGGCTTAT-1,control,control,SMARCA4 KO,SMARCA4_KO,rna_only_pca,rna_only_pca__eps0p001__taua1__taub1,test,moscot_barycentric_source_to_target,rna_only_pca
TGCTCCGTCCTGCGAA-1,4053,8.307459327011944,11445.0,9.345396,22.883355176933158,28.615115771079076,36.48754914809961,51.096548711227605,1257.0,7.1372786,10.982962,1.0,True,10887,0.23535608933839025,0.0,13.967164910561138,NTC,T cell,ENCSR923FKN,NTC,NTC,0.0,TGCTCCGTCCTGCGAA-1,control,control,SMARCA4 KO,SMARCA4_KO,rna_only_pca,rna_only_pca__eps0p001__taua1__taub1,test,moscot_barycentric_source_to_target,rna_only_pca
TGCTCTCAGCAGGTTT-1,3004,8.008032846969307,7298.0,8.895493,27.52808988764045,33.24198410523431,40.983831186626475,55.63167991230474,1138.0,7.037906,15.593312,1.0,True,25888,0.2158003150369563,0.0,11.045690061234103,NTC,T cell,ENCSR923FKN,NTC,NTC,0.0,TGCTCTCAGCAGGTTT-1,control,control,SMARCA4 KO,SMARCA4_KO,rna_only_pca,rna_only_pca__eps0p001__taua1__taub1,test,moscot_barycentric_source_to_target,rna_only_pca
TGCTTCCAGATAACCC-1,3147,8.054522609537294,8134.0,9.003931,24.661912957954264,30.735185640521266,38.78780427833784,53.848045242193265,1059.0,6.9660244,13.019424,1.0,True,28801,0.2306397756110592,0.0,15.843151046245824,NTC,T cell,ENCSR923FKN,NTC,NTC,0.0,TGCTTCCAGATAACCC-1,control,control,SMARCA4 KO,SMARCA4_KO,rna_only_pca,rna_only_pca__eps0p001__taua1__taub1,test,moscot_barycentric_source_to_target,rna_only_pca
TGCTTGCTCTCCATAT-1,2898,7.972121128921655,6195.0,8.731659,19.887005649717516,25.940274414850684,34.52784503631961,50.847457627118644,578.0,6.3613024,9.330105,1.0,True,18133,0.21756202804746494,0.0,14.659090909090908,NTC,T cell,ENCSR923FKN,NTC,NTC,0.0,TGCTTGCTCTCCATAT-1,control,control,SMARCA4 KO,SMARCA4_KO,rna_only_pca,rna_only_pca__eps0p001__taua1__taub1,test,moscot_barycentric_source_to_target,rna_only_pca
TGCTTGTGTCCTTCAG-1,2543,7.841492924460012,6230.0,8.737292,32.90529695024077,39.00481540930979,46.869983948635635,60.70626003210273,1011.0,6.919684,16.22793,1.0,True,23419,0.22276061199429165,0.0,10.421898543445504,NTC,T cell,ENCSR923FKN,NTC,NTC,0.0,TGCTTGTGTCCTTCAG-1,control,control,SMARCA4 KO,SMARCA4_KO,rna_only_pca,rna_only_pca__eps0p001__taua1__taub1,test,moscot_barycentric_source_to_target,rna_only_pca
TGCTTGTGTGAGAAAC-1,1665,7.418180822726788,2955.0,7.9915924,29.272419627749578,35.397631133671744,43.756345177664976,60.575296108291035,570.0,6.347389,19.289341,1.0,True,1071,0.21365638766519823,0.0,20.875420875420875,NTC,T cell,ENCSR923FKN,NTC,NTC,0.0,TGCTTGTGTGAGAAAC-1,control,control,SMARCA4 KO,SMARCA4_KO,rna_only_pca,rna_only_pca__eps0p001__taua1__taub1,test,moscot_barycentric_source_to_target,rna_only_pca
TGGAACAAGGCCTTAG-1,2411,7.788211557847076,4619.0,8.43815,22.775492530850833,28.599263909937218,36.76120372374973,52.71703831998268,600.0,6.398595,12.989825,1.0,True,22874,0.2235573659198914,0.0,13.106248590119558,NTC,T cell,ENCSR923FKN,NTC,NTC,0.0,TGGAACAAGGCCTTAG-1,control,control,SMARCA4 KO,SMARCA4_KO,rna_only_pca,rna_only_pca__eps0p001__taua1__taub1,test,moscot_barycentric_source_to_target,rna_only_pca
TGGAACAAGGCGCATC-1,1852,7.52456122628536,3501.0,8.16109,27.934875749785775,34.16166809483005,43.01628106255356,60.582690659811476,600.0,6.398595,17.13796,1.0,True,15662,0.21379448822850255,0.0,12.912231722212526,NTC,T cell,ENCSR923FKN,NTC,NTC,0.0,TGGAACAAGGCGCATC-1,control,control,SMARCA4 KO,SMARCA4_KO,rna_only_pca,rna_only_pca__eps0p001__taua1__taub1,test,moscot_barycentric_source_to_target,rna_only_pca
TGGATTGGTCCTTTAA-1,4515,8.415381925269552,16645.0,9.719925,29.462300991288675,35.89065785521178,43.935115650345445,57.524782216881945,2625.0,7.873217,15.770502,1.0,True,58206,0.22548967426016608,0.0,10.30161427357689,NTC,T cell,ENCSR923FKN,NTC,NTC,0.0,TGGATTGGTCCTTTAA-1,control,control,SMARCA4 KO,SMARCA4_KO,rna_only_pca,rna_only_pca__eps0p001__taua1__taub1,test,moscot_barycentric_source_to_target,rna_only_pca
TGTAAAGCACTTCACT-1,1498,7.312553498102598,3252.0,8.087333,37.269372693726936,43.97293972939729,53.105781057810574,69.31119311193112,721.0,6.582025,22.17097,1.0,True,9684,0.22534197264218858,0.0,16.560958421423535,NTC,T cell,ENCSR923FKN,NTC,NTC,0.0,TGTAAAGCACTTCACT-1,control,control,SMARCA4 KO,SMARCA4_KO,rna_only_pca,rna_only_pca__eps0p001__taua1__taub1,test,moscot_barycentric_source_to_target,rna_only_pca
TGTGCAAGTACTGAAT-1,3468,8.15162164696975,11040.0,9.309371,33.233695652173914,39.14855072463768,46.67572463768116,60.1268115942029,2013.0,7.607878,18.233696,1.0,True,21206,0.2272429123241746,0.0,10.763420555705421,NTC,T cell,ENCSR923FKN,NTC,NTC,0.0,TGTGCAAGTACTGAAT-1,control,control,SMARCA4 KO,SMARCA4_KO,rna_only_pca,rna_only_pca__eps0p001__taua1__taub1,test,moscot_barycentric_source_to_target,rna_only_pca
TGTTAGCAGGCATGTT-1,3392,8.12946976478423,8481.0,9.045702,24.442872302794484,30.58601580002358,38.6864756514562,52.90649687536847,1124.0,7.0255384,13.253154,1.0,True,40538,0.22560556277221666,0.0,14.86957139810932,NTC,T cell,ENCSR923FKN,NTC,NTC,0.0,TGTTAGCAGGCATGTT-1,control,control,SMARCA4 KO,SMARCA4_KO,rna_only_pca,rna_only_pca__eps0p001__taua1__taub1,test,moscot_barycentric_source_to_target,rna_only_pca
TGTTCATTCCTAGTTT-1,1779,7.484368643286131,3328.0,8.110427,28.485576923076923,34.64543269230769,43.659855769230774,61.56850961538461,577.0,6.359574,17.337742,1.0,True,17795,0.22499020077522758,0.0,13.636363636363637,NTC,T cell,ENCSR923FKN,NTC,NTC,0.0,TGTTCATTCCTAGTTT-1,control,control,SMARCA4 KO,SMARCA4_KO,rna_only_pca,rna_only_pca__eps0p001__taua1__taub1,test,moscot_barycentric_source_to_target,rna_only_pca
TGTTGTAAGGTCCGTA-1,4369,8.382518288089635,14305.0,9.568435,28.060118839566584,34.32366305487592,41.97832925550507,55.42817196784341,2443.0,7.801391,17.077946,1.0,True,53257,0.22572437957053337,0.0,11.129615804284155,NTC,T cell,ENCSR923FKN,NTC,NTC,0.0,TGTTGTAAGGTCCGTA-1,control,control,SMARCA4 KO,SMARCA4_KO,rna_only_pca,rna_only_pca__eps0p001__taua1__taub1,test,moscot_barycentric_source_to_target,rna_only_pca
TTAGAAGCAGCACCAT-1,3083,8.033982734683219,7446.0,8.915566,26.067687348912166,31.466559226430295,39.08138597904915,53.86784850926672,1104.0,7.007601,14.826753,1.0,True,33222,0.22832853293691346,0.0,13.135497476839648,NTC,T cell,ENCSR923FKN,NTC,NTC,0.0,TTAGAAGCAGCACCAT-1,control,control,SMARCA4 KO,SMARCA4_KO,rna_only_pca,rna_only_pca__eps0p001__taua1__taub1,test,moscot_barycentric_source_to_target,rna_only_pca
TTAGCAATCATTGCAA-1,3533,8.170185652879642,9703.0,9.180293,25.085025249922705,31.20684324435741,39.52385860043285,54.19973204163661,1068.0,6.9744787,11.006906,1.0,True,9117,0.2156744666207846,0.0,13.44134413441344,NTC,T cell,ENCSR923FKN,NTC,NTC,0.0,TTAGCAATCATTGCAA-1,control,control,SMARCA4 KO,SMARCA4_KO,rna_only_pca,rna_only_pca__eps0p001__taua1__taub1,test,moscot_barycentric_source_to_target,rna_only_pca
TTAGGCGTCCTTCTAG-1,2103,7.6515955738576,4046.0,8.305731,25.28423133959466,31.512605042016805,40.16312407315867,56.9451309935739,642.0,6.4661446,15.867524,1.0,True,10557,0.2256857855361596,0.0,18.021860837110104,NTC,T cell,ENCSR923FKN,NTC,NTC,0.0,TTAGGCGTCCTTCTAG-1,control,control,SMARCA4 KO,SMARCA4_KO,rna_only_pca,rna_only_pca__eps0p001__taua1__taub1,test,moscot_barycentric_source_to_target,rna_only_pca
TTCAGGTAGGATCACT-1,2207,7.699842407396986,4240.0,8.352554,25.16509433962264,31.462264150943398,39.7877358490566,55.91981132075472,569.0,6.3456364,13.419811,1.0,True,22104,0.220564900031736,0.0,11.741919864423194,NTC,T cell,ENCSR923FKN,NTC,NTC,0.0,TTCAGGTAGGATCACT-1,control,control,SMARCA4 KO,SMARCA4_KO,rna_only_pca,rna_only_pca__eps0p001__taua1__taub1,test,moscot_barycentric_source_to_target,rna_only_pca
TTGCACACAGTACCGT-1,3771,8.235360643753348,12013.0,9.393828,26.612836094231252,33.563639390660114,41.838008823774246,56.58869557978856,1314.0,7.181592,10.93815,1.0,True,19164,0.22557180958538758,0.0,13.099943534726142,NTC,T cell,ENCSR923FKN,NTC,NTC,0.0,TTGCACACAGTACCGT-1,control,control,SMARCA4 KO,SMARCA4_KO,rna_only_pca,rna_only_pca__eps0p001__taua1__taub1,test,moscot_barycentric_source_to_target,rna_only_pca
TTGCAGCCACCCACAG-1,2855,7.957177323459475,5763.0,8.659387,20.64896755162242,26.44456012493493,34.39180982127365,50.16484469894152,440.0,6.089045,7.6349125,1.0,True,28317,0.23285110533159947,0.0,13.759707629054363,NTC,T cell,ENCSR923FKN,NTC,NTC,0.0,TTGCAGCCACCCACAG-1,control,control,SMARCA4 KO,SMARCA4_KO,rna_only_pca,rna_only_pca__eps0p001__taua1__taub1,test,moscot_barycentric_source_to_target,rna_only_pca
TTGTGCGAGTACCGCA-1,1516,7.324489979348532,2440.0,7.8001633,23.15573770491803,30.16393442622951,39.795081967213115,58.36065573770492,281.0,5.641907,11.516394,1.0,True,14287,0.22785494244176618,0.0,16.808241460328937,NTC,T cell,ENCSR923FKN,NTC,NTC,0.0,TTGTGCGAGTACCGCA-1,control,control,SMARCA4 KO,SMARCA4_KO,rna_only_pca,rna_only_pca__eps0p001__taua1__taub1,test,moscot_barycentric_source_to_target,rna_only_pca
TTTAAGGTCAATCTCT-1,3487,8.15708378502887,9504.0,9.159574,29.30345117845118,34.89057239057239,42.245370370370374,55.734427609427605,1538.0,7.338888,16.18266,1.0,True,28467,0.22536667664426246,0.0,14.76572708605563,NTC,T cell,ENCSR923FKN,NTC,NTC,0.0,TTTAAGGTCAATCTCT-1,control,control,SMARCA4 KO,SMARCA4_KO,rna_only_pca,rna_only_pca__eps0p001__taua1__taub1,test,moscot_barycentric_source_to_target,rna_only_pca
TTTCATCAGCCAAATC-1,3091,8.036573409707312,7467.0,8.918383,25.927413954734163,31.726262220436585,39.44020356234097,54.14490424534619,915.0,6.8200164,12.253917,1.0,True,6677,0.2352536937349674,0.0,15.625,NTC,T cell,ENCSR923FKN,NTC,NTC,0.0,TTTCATCAGCCAAATC-1,control,control,SMARCA4 KO,SMARCA4_KO,rna_only_pca,rna_only_pca__eps0p001__taua1__taub1,test,moscot_barycentric_source_to_target,rna_only_pca
TTTGCATTCGCTAGCA-1,2497,7.823245690685523,5733.0,8.654169,28.86795743938601,35.23460666317809,43.607186464329324,58.311529740101165,888.0,6.790097,15.489273,1.0,True,19719,0.22579505300353353,0.0,10.72463768115942,NTC,T cell,ENCSR923FKN,NTC,NTC,0.0,TTTGCATTCGCTAGCA-1,control,control,SMARCA4 KO,SMARCA4_KO,rna_only_pca,rna_only_pca__eps0p001__taua1__taub1,test,moscot_barycentric_source_to_target,rna_only_pca
TTTGTCCCAGGTTCAC-1,2534,7.837948916025283,5536.0,8.619208,25.8128612716763,31.71965317919075,40.028901734104046,56.43063583815029,802.0,6.6883545,14.486994,1.0,True,21924,0.22337938363443144,0.0,12.930835068239649,NTC,T cell,ENCSR923FKN,NTC,NTC,0.0,TTTGTCCCAGGTTCAC-1,control,control,SMARCA4 KO,SMARCA4_KO,rna_only_pca,rna_only_pca__eps0p001__taua1__taub1,test,moscot_barycentric_source_to_target,rna_only_pca
